id,first_name,last_name,email,gender,ip_address
1,Verina,Stebbings,vstebbings0@flickr.com,Bigender,153.6.153.61
2,Mallory,Runge,mrunge1@unicef.org,Male,45.95.50.128
3,Gram,Benning,gbenning2@ucsd.edu,Male,211.149.37.213
4,Elyssa,Jaimez,ejaimez3@youku.com,Female,226.130.44.113
5,Gerrilee,Blethin,gblethin4@prweb.com,Female,135.94.20.186
6,Agosto,O'Carmody,aocarmody5@comcast.net,Male,242.76.60.68
7,Marcela,Jenyns,mjenyns6@weather.com,Female,25.212.228.186
8,Langsdon,Christofe,lchristofe7@mayoclinic.com,Male,228.135.134.177
9,Shandie,Royce,sroyce8@businessinsider.com,Genderfluid,178.17.125.28
10,Hy,Bauman,hbauman9@youku.com,Male,19.203.154.204
11,Skyler,Dymock,sdymocka@umn.edu,Male,212.197.186.169
12,Ashlee,Bendan,abendanb@ebay.com,Female,46.17.136.49
13,Fanchette,Lademann,flademannc@weather.com,Female,152.112.91.96
14,Oswald,Mathivon,omathivond@tamu.edu,Male,157.157.62.14
15,Vivienne,Pates,vpatese@topsy.com,Female,107.107.19.55
16,Melita,Jarrard,mjarrardf@clickbank.net,Genderqueer,12.253.179.88
17,Fernanda,Agget,faggetg@friendfeed.com,Female,108.24.174.26
18,Gardiner,Jolliffe,gjolliffeh@ted.com,Polygender,5.110.135.197
19,Giulio,Diprose,gdiprosei@tripadvisor.com,Male,27.136.189.252
20,Hadley,Menguy,hmenguyj@hp.com,Male,227.118.247.244
21,Ewell,O'Cahey,eocaheyk@redcross.org,Male,24.49.22.93
22,Marlena,Northcott,mnorthcottl@ucla.edu,Agender,27.42.175.81
23,Eberhard,Mephan,emephanm@sourceforge.net,Male,4.21.20.28
24,Jonathan,MacUchadair,jmacuchadairn@princeton.edu,Male,141.104.194.251
25,Hermann,Keemer,hkeemero@irs.gov,Male,27.121.118.79
26,Hayyim,Taffrey,htaffreyp@youku.com,Male,68.19.184.221
27,Francesca,Orrill,forrillq@skyrock.com,Female,16.166.93.226
28,Barty,Turley,bturleyr@omniture.com,Male,248.254.0.117
29,Ruthie,Gainsboro,rgainsboros@prlog.org,Female,106.189.53.85
30,Dru,Bakhrushkin,dbakhrushkint@ocn.ne.jp,Male,115.194.7.226
31,Loralee,Belham,lbelhamu@domainmarket.com,Female,58.146.151.59
32,Pippy,Antonov,pantonovv@hatena.ne.jp,Female,113.0.152.154
33,Shela,Ratnage,sratnagew@360.cn,Female,254.123.144.230
34,Quincy,Stockport,qstockportx@bbb.org,Male,121.181.191.176
35,Lari,Volcker,lvolckery@booking.com,Female,65.35.25.6
36,Jerri,Hedan,jhedanz@networkadvertising.org,Bigender,150.205.62.253
37,Kenn,Crummay,kcrummay10@stumbleupon.com,Agender,102.98.88.243
38,Jacquelin,Pull,jpull11@51.la,Female,72.193.213.185
39,Oswell,Lagden,olagden12@webs.com,Male,63.207.192.252
40,Babb,Terrey,bterrey13@slashdot.org,Female,21.105.67.85
41,Stewart,Scammonden,sscammonden14@google.de,Male,25.191.62.61
42,Latrina,Ibbitson,libbitson15@tamu.edu,Female,115.154.208.39
43,Raychel,Horsley,rhorsley16@bluehost.com,Female,48.211.189.43
44,Baxter,Oxbury,boxbury17@irs.gov,Male,208.37.38.2
45,Janine,Rickman,jrickman18@parallels.com,Female,87.38.133.227
46,Marco,Blazy,mblazy19@trellian.com,Male,35.17.118.111
47,Joshia,McIleen,jmcileen1a@reddit.com,Agender,91.228.110.4
48,Leighton,Colten,lcolten1b@wikimedia.org,Male,253.16.136.180
49,Igor,Fothergill,ifothergill1c@stumbleupon.com,Male,119.29.20.179
50,Enriqueta,Flintuff,eflintuff1d@comcast.net,Female,8.101.15.155
51,Harland,Fryman,hfryman1e@infoseek.co.jp,Male,83.168.160.158
52,Mathilda,Scurry,mscurry1f@wisc.edu,Female,40.208.9.9
53,Marley,Tickner,mtickner1g@youtu.be,Female,11.241.82.31
54,Margalit,Spittal,mspittal1h@github.com,Female,57.95.112.94
55,Pauly,Deerness,pdeerness1i@goo.gl,Male,124.239.168.77
56,Nolana,Hauxby,nhauxby1j@plala.or.jp,Female,103.86.43.19
57,Abbot,Domotor,adomotor1k@bandcamp.com,Polygender,143.35.92.50
58,Nero,Chedgey,nchedgey1l@microsoft.com,Male,118.189.254.210
59,Lotti,Blabber,lblabber1m@wsj.com,Female,174.87.99.79
60,Myer,Eller,meller1n@weebly.com,Male,28.218.111.115
61,Creight,Jeschner,cjeschner1o@nifty.com,Male,240.11.131.51
62,Harland,Aveline,haveline1p@bizjournals.com,Male,56.103.61.186
63,Lotti,Tompsett,ltompsett1q@google.com.br,Female,107.241.41.32
64,Dukie,Kincaid,dkincaid1r@yolasite.com,Male,122.72.81.246
65,Rennie,Pedley,rpedley1s@merriam-webster.com,Female,129.225.151.130
66,Cordelia,Ollander,collander1t@china.com.cn,Female,154.185.157.109
67,Scotty,Mercer,smercer1u@jalbum.net,Male,15.222.108.28
68,Lesya,Mason,lmason1v@wikimedia.org,Female,174.75.25.23
69,Ernesta,Castagne,ecastagne1w@blinklist.com,Female,238.198.115.182
70,Yulma,Knapper,yknapper1x@foxnews.com,Male,2.222.146.155
71,Agretha,Dunston,adunston1y@quantcast.com,Female,59.192.70.190
72,Mill,Eykel,meykel1z@joomla.org,Male,157.244.48.158
73,Archibald,Couthard,acouthard20@e-recht24.de,Male,120.216.42.50
74,Chantal,Sunock,csunock21@ucsd.edu,Female,155.199.88.11
75,Bendix,Menichino,bmenichino22@dmoz.org,Male,0.148.250.183
76,Elianora,Shrimpton,eshrimpton23@live.com,Female,98.99.131.189
77,Clarisse,Dignum,cdignum24@networkadvertising.org,Female,192.124.50.203
78,Mischa,Poluzzi,mpoluzzi25@craigslist.org,Male,39.35.53.101
79,Megan,Lingner,mlingner26@engadget.com,Female,173.208.73.205
80,Clarey,Geal,cgeal27@hhs.gov,Female,80.76.101.252
81,Goddart,Cuttell,gcuttell28@etsy.com,Genderqueer,132.253.195.112
82,Meggy,Cooksey,mcooksey29@artisteer.com,Female,120.107.123.211
83,Chadd,Dawidowicz,cdawidowicz2a@flickr.com,Male,200.250.83.142
84,Dirk,Lowers,dlowers2b@tinypic.com,Male,208.37.244.162
85,Cecily,Brambley,cbrambley2c@rediff.com,Female,51.199.40.245
86,Bridget,Shills,bshills2d@jimdo.com,Female,208.160.66.30
87,Donni,Hillett,dhillett2e@boston.com,Female,54.153.52.7
88,Jaymie,Antoinet,jantoinet2f@stumbleupon.com,Genderfluid,138.7.74.186
89,Brinna,Lilleyman,blilleyman2g@ehow.com,Female,151.236.122.222
90,Jan,Renachowski,jrenachowski2h@salon.com,Male,215.174.219.90
91,Bibby,Baff,bbaff2i@wunderground.com,Female,70.224.97.74
92,Archibaldo,Dimberline,adimberline2j@deliciousdays.com,Male,100.248.109.156
93,Robbin,Moscon,rmoscon2k@symantec.com,Female,23.109.233.126
94,Brittaney,Jimson,bjimson2l@nps.gov,Female,26.113.29.77
95,Godard,Blackeby,gblackeby2m@hugedomains.com,Male,43.151.91.100
96,Lothaire,Compford,lcompford2n@cloudflare.com,Male,81.199.183.117
97,Malorie,Hillatt,mhillatt2o@youtu.be,Female,23.235.123.158
98,Cameron,Blaxter,cblaxter2p@free.fr,Male,199.16.155.34
99,Hill,Ramage,hramage2q@com.com,Male,132.192.193.64
100,Mattie,Shadfourth,mshadfourth2r@51.la,Female,222.39.203.192
101,Finley,Rutherforth,frutherforth2s@timesonline.co.uk,Male,219.103.99.93
102,Madge,Roocroft,mroocroft2t@sourceforge.net,Female,144.242.227.130
103,Odetta,Corton,ocorton2u@nbcnews.com,Female,225.16.206.90
104,Gregor,Wabey,gwabey2v@taobao.com,Genderqueer,158.0.154.103
105,Isidore,Bafford,ibafford2w@shutterfly.com,Male,240.164.91.144
106,Papageno,Lionel,plionel2x@walmart.com,Male,180.104.173.194
107,Kylie,Mallebone,kmallebone2y@sohu.com,Male,254.99.201.203
108,Lyda,Boyton,lboyton2z@unicef.org,Female,182.227.255.41
109,Prinz,Hailey,phailey30@google.com.br,Male,247.156.151.8
110,Beatrice,Rapi,brapi31@domainmarket.com,Female,15.6.2.218
111,Nari,Winn,nwinn32@vk.com,Female,94.212.45.61
112,Thorvald,Smeeth,tsmeeth33@ihg.com,Male,148.181.13.204
113,Mathilde,Bradshaw,mbradshaw34@nasa.gov,Female,44.64.83.54
114,Edeline,Folder,efolder35@about.com,Female,223.135.56.162
115,Sterling,Reeve,sreeve36@netvibes.com,Agender,46.88.159.120
116,Katusha,Maidment,kmaidment37@barnesandnoble.com,Female,89.140.215.33
117,Flint,Schrei,fschrei38@lulu.com,Male,113.242.79.81
118,Bengt,O' Mara,bomara39@feedburner.com,Male,132.161.220.143
119,Carleen,Raddon,craddon3a@huffingtonpost.com,Female,55.108.16.45
120,Amble,Meachan,ameachan3b@ucoz.com,Male,157.97.169.153
121,Waring,Hemerijk,whemerijk3c@ucla.edu,Male,64.209.221.143
122,Maurise,Trevarthen,mtrevarthen3d@dagondesign.com,Male,103.206.20.30
123,Marne,Nottram,mnottram3e@cargocollective.com,Polygender,106.239.158.236
124,Garvey,Bosnell,gbosnell3f@netscape.com,Male,204.176.170.114
125,Melinde,Greenman,mgreenman3g@icio.us,Female,236.145.185.242
126,Shelby,Rulten,srulten3h@globo.com,Male,95.48.255.18
127,Corri,Lippiatt,clippiatt3i@topsy.com,Female,190.11.146.63
128,Delmore,Banville,dbanville3j@sfgate.com,Male,13.24.174.24
129,Whittaker,Cagan,wcagan3k@symantec.com,Genderqueer,169.108.141.110
130,Fidelio,Crumbleholme,fcrumbleholme3l@nationalgeographic.com,Male,178.187.3.17
131,Edgar,Feilden,efeilden3m@angelfire.com,Genderfluid,95.158.17.1
132,Becki,McGilbon,bmcgilbon3n@microsoft.com,Female,107.8.170.0
133,Hiram,Baffin,hbaffin3o@devhub.com,Male,78.46.245.246
134,Gonzalo,Rabidge,grabidge3p@1688.com,Male,215.187.55.175
135,Cleavland,Ivashintsov,civashintsov3q@1688.com,Genderfluid,138.166.172.54
136,Sasha,Yurchishin,syurchishin3r@g.co,Female,4.228.167.139
137,Reinold,Meace,rmeace3s@earthlink.net,Male,118.63.233.197
138,Ilyse,Mitchinson,imitchinson3t@twitter.com,Genderqueer,27.180.183.186
139,Willard,Kissick,wkissick3u@biglobe.ne.jp,Male,202.74.30.153
140,Ruprecht,Griston,rgriston3v@bing.com,Male,70.165.133.78
141,Joyan,Divis,jdivis3w@hibu.com,Female,116.72.111.37
142,Tandy,Blowes,tblowes3x@slate.com,Female,42.81.129.3
143,Mitchel,Dessaur,mdessaur3y@un.org,Male,205.1.81.204
144,Abey,Dilrew,adilrew3z@wisc.edu,Genderfluid,66.24.32.107
145,Charil,Tame,ctame40@tumblr.com,Female,205.118.83.59
146,Noby,Heaselgrave,nheaselgrave41@nba.com,Male,246.204.181.211
147,Tami,Pablo,tpablo42@constantcontact.com,Female,71.168.11.220
148,Bertha,Gayden,bgayden43@wikipedia.org,Female,35.255.68.53
149,Ives,Jodrelle,ijodrelle44@scientificamerican.com,Male,86.137.149.206
150,Teodor,Colliver,tcolliver45@apache.org,Male,244.177.135.120
151,Jillana,Freke,jfreke46@theglobeandmail.com,Female,40.170.67.67
152,Nannette,Bickerstasse,nbickerstasse47@examiner.com,Female,135.29.73.247
153,Olenolin,Lavallie,olavallie48@deviantart.com,Male,246.103.216.2
154,Thaine,Sidsaff,tsidsaff49@ameblo.jp,Male,110.125.20.248
155,Shermie,Delooze,sdelooze4a@chron.com,Male,25.244.54.84
156,Happy,Drugan,hdrugan4b@cargocollective.com,Female,180.80.159.189
157,Missie,Iverson,miverson4c@canalblog.com,Female,178.97.170.164
158,Jaymie,Gentle,jgentle4d@weebly.com,Male,43.199.128.41
159,Aline,Marrison,amarrison4e@moonfruit.com,Female,251.35.192.118
160,Ingamar,Aronin,iaronin4f@omniture.com,Male,246.25.67.63
161,Monah,Krishtopaittis,mkrishtopaittis4g@amazon.com,Female,128.179.168.115
162,Aldo,Tenniswood,atenniswood4h@cornell.edu,Male,152.59.104.39
163,Lisetta,Vickerman,lvickerman4i@gov.uk,Female,21.186.185.217
164,Lane,Lowey,llowey4j@craigslist.org,Female,25.249.79.135
165,Josi,Gammade,jgammade4k@dion.ne.jp,Female,146.102.42.55
166,Dorree,Savile,dsavile4l@example.com,Female,146.118.196.153
167,Ingaberg,Stimson,istimson4m@flickr.com,Female,194.154.160.52
168,Merwin,Caress,mcaress4n@sogou.com,Male,248.16.71.150
169,Mortimer,Widd,mwidd4o@state.tx.us,Male,200.72.244.66
170,Nat,Mathias,nmathias4p@mozilla.com,Male,145.144.46.33
171,Sigfrid,McBeath,smcbeath4q@army.mil,Male,112.142.139.138
172,Farlie,Greenrde,fgreenrde4r@merriam-webster.com,Male,144.170.95.52
173,Goran,Banes,gbanes4s@businessinsider.com,Non-binary,174.93.155.167
174,Federico,Giabucci,fgiabucci4t@europa.eu,Male,217.148.137.40
175,Ferdinande,Bebis,fbebis4u@state.tx.us,Female,211.45.185.42
176,Carlyle,Taffie,ctaffie4v@europa.eu,Male,113.135.32.42
177,Nicol,Scrogges,nscrogges4w@phoca.cz,Female,26.1.219.231
178,Max,Boutellier,mboutellier4x@t-online.de,Male,147.14.180.215
179,Forester,O'Hartagan,fohartagan4y@seesaa.net,Male,84.178.191.32
180,Kristyn,Cottrell,kcottrell4z@marriott.com,Female,28.78.135.107
181,Sybyl,Patching,spatching50@kickstarter.com,Female,221.92.72.97
182,Janos,Brehaut,jbrehaut51@tmall.com,Male,183.214.59.244
183,Jemie,Swapp,jswapp52@arizona.edu,Female,213.60.23.170
184,Reinhard,Betton,rbetton53@yellowpages.com,Male,20.40.198.70
185,Julianna,Crang,jcrang54@163.com,Female,186.199.14.99
186,Charin,Mabson,cmabson55@deliciousdays.com,Female,146.112.236.5
187,Katuscha,Wrightam,kwrightam56@zimbio.com,Female,187.92.173.77
188,Rawley,Johnston,rjohnston57@state.gov,Male,155.69.243.136
189,Brinn,Gallichiccio,bgallichiccio58@statcounter.com,Female,223.167.24.55
190,Tilda,Pavlovic,tpavlovic59@discovery.com,Female,212.231.55.197
191,Therine,Bemwell,tbemwell5a@walmart.com,Female,101.198.45.180
192,Ardra,Francombe,afrancombe5b@issuu.com,Agender,195.154.71.34
193,Gregorius,Headly,gheadly5c@amazon.de,Male,95.174.123.44
194,Amelia,Coram,acoram5d@w3.org,Female,127.164.170.158
195,Hertha,Yatman,hyatman5e@example.com,Female,8.216.216.121
196,Eldridge,Brunroth,ebrunroth5f@stumbleupon.com,Male,171.222.218.109
197,Clarisse,Ville,cville5g@vinaora.com,Female,151.111.118.140
198,Elfie,D'Hooghe,edhooghe5h@issuu.com,Female,69.193.68.29
199,Kain,Klaus,kklaus5i@mit.edu,Male,68.25.235.182
200,Randal,Padfield,rpadfield5j@webnode.com,Male,197.120.106.181
201,Benny,Ech,bech5k@csmonitor.com,Male,241.198.122.71
202,Jodie,Slorach,jslorach5l@mapquest.com,Female,199.115.172.195
203,Rosette,Reddick,rreddick5m@mysql.com,Female,120.71.67.47
204,Zollie,Meachen,zmeachen5n@wsj.com,Male,43.235.97.21
205,Aleda,Paul,apaul5o@prweb.com,Female,213.149.180.63
206,Barbi,Scatchar,bscatchar5p@oracle.com,Female,187.247.85.78
207,Erika,Barraclough,ebarraclough5q@cbc.ca,Female,184.210.197.169
208,Matias,Elcum,melcum5r@biblegateway.com,Male,162.140.159.63
209,Danila,Giacopetti,dgiacopetti5s@businesswire.com,Female,203.210.119.79
210,Arron,Annwyl,aannwyl5t@house.gov,Male,150.151.195.152
211,Nevsa,Gorring,ngorring5u@sbwire.com,Female,122.234.14.191
212,Axe,Kynston,akynston5v@samsung.com,Male,117.145.220.243
213,Diarmid,Caillou,dcaillou5w@dropbox.com,Male,4.169.180.171
214,Jefferey,Kitching,jkitching5x@patch.com,Male,201.41.233.152
215,Kendra,Vossgen,kvossgen5y@redcross.org,Female,89.59.170.63
216,Morley,Somerton,msomerton5z@dailymail.co.uk,Genderfluid,60.12.156.11
217,Aundrea,Bringloe,abringloe60@berkeley.edu,Genderfluid,211.25.157.114
218,Richmound,Tapton,rtapton61@arstechnica.com,Male,211.86.11.190
219,Linus,Willingham,lwillingham62@intel.com,Male,160.23.22.55
220,Hadrian,Corney,hcorney63@scribd.com,Male,31.51.216.122
221,Kenna,Tunnow,ktunnow64@newyorker.com,Female,228.166.104.164
222,Marline,Beverstock,mbeverstock65@slashdot.org,Female,248.54.174.197
223,Kimball,Shurrocks,kshurrocks66@rakuten.co.jp,Male,69.184.71.64
224,Lionello,Wethered,lwethered67@nationalgeographic.com,Male,3.89.21.20
225,Base,Ocklin,bocklin68@deliciousdays.com,Male,232.49.105.250
226,Callie,Durston,cdurston69@icio.us,Female,50.85.219.126
227,Rem,Blasing,rblasing6a@blogs.com,Male,33.220.205.107
228,Jessie,Dolman,jdolman6b@hibu.com,Male,154.192.120.221
229,Haleigh,Dudding,hdudding6c@marketwatch.com,Male,144.222.197.11
230,Ronalda,Heading,rheading6d@desdev.cn,Female,83.234.70.14
231,Guilbert,Beddows,gbeddows6e@unblog.fr,Male,51.130.79.231
232,Julian,Gaspero,jgaspero6f@ted.com,Male,218.230.35.36
233,Cordula,Guillond,cguillond6g@examiner.com,Female,30.176.102.201
234,Casi,Heath,cheath6h@purevolume.com,Female,119.174.70.206
235,Valentino,Spiaggia,vspiaggia6i@clickbank.net,Male,167.99.61.171
236,Meryl,McCafferky,mmccafferky6j@wp.com,Female,106.164.190.156
237,Guss,Bowles,gbowles6k@nyu.edu,Male,37.179.111.191
238,Ingra,Braunroth,ibraunroth6l@mail.ru,Male,111.83.241.24
239,Sigismondo,Breakey,sbreakey6m@ustream.tv,Male,247.173.254.234
240,Kevon,Arnold,karnold6n@tiny.cc,Male,88.179.160.150
241,Cesaro,Panons,cpanons6o@bloglines.com,Genderfluid,130.169.215.174
242,Scarface,Attridge,sattridge6p@technorati.com,Male,218.243.233.17
243,Georgianne,Mundee,gmundee6q@who.int,Bigender,223.164.118.185
244,Carina,Momery,cmomery6r@irs.gov,Female,220.56.233.254
245,Vera,Lindenblatt,vlindenblatt6s@ucoz.ru,Female,104.14.45.211
246,Trude,Benitti,tbenitti6t@fastcompany.com,Female,81.91.20.136
247,Harmonie,Lushey,hlushey6u@ucoz.ru,Female,12.88.181.167
248,Cassandre,Carnalan,ccarnalan6v@columbia.edu,Female,196.211.165.44
249,Ferrell,Lauthian,flauthian6w@ucla.edu,Male,247.67.46.103
250,Ignazio,Kleinsinger,ikleinsinger6x@biglobe.ne.jp,Male,208.234.242.158
251,Morly,Trahmel,mtrahmel6y@fda.gov,Male,176.250.84.122
252,Silvan,Dine-Hart,sdinehart6z@time.com,Male,201.141.150.212
253,Leroy,Buncom,lbuncom70@dedecms.com,Non-binary,234.38.0.206
254,Skye,Bauduin,sbauduin71@vistaprint.com,Male,155.202.187.230
255,Collie,Blanchet,cblanchet72@shinystat.com,Female,169.248.69.23
256,Madge,Mottershead,mmottershead73@cnet.com,Female,178.241.88.104
257,Frederich,Clement,fclement74@smh.com.au,Male,254.111.142.145
258,Libbie,Maass,lmaass75@yellowpages.com,Genderfluid,166.182.42.3
259,Aurore,O'Crotty,aocrotty76@wiley.com,Female,226.136.156.147
260,Pepillo,Duxbury,pduxbury77@usatoday.com,Male,190.249.221.98
261,Avril,Elnor,aelnor78@example.com,Female,201.126.19.188
262,Nancee,Mollon,nmollon79@amazon.com,Female,32.90.252.58
263,Horatius,Skittrell,hskittrell7a@pagesperso-orange.fr,Male,239.246.34.125
264,Jarad,Lygoe,jlygoe7b@intel.com,Male,79.9.154.46
265,Harley,Hargess,hhargess7c@google.co.jp,Female,112.206.160.203
266,Cob,Trevor,ctrevor7d@google.com,Male,155.38.163.243
267,Reiko,Blunden,rblunden7e@npr.org,Female,239.158.224.146
268,Lynnett,Smillie,lsmillie7f@jiathis.com,Polygender,41.4.243.138
269,Peyton,Aynsley,paynsley7g@posterous.com,Male,184.58.28.221
270,Barbee,Rubke,brubke7h@yandex.ru,Female,145.156.133.157
271,Lenee,Oswal,loswal7i@delicious.com,Female,93.251.208.54
272,Shalne,Kinforth,skinforth7j@nymag.com,Polygender,144.220.167.82
273,Morly,Stivani,mstivani7k@google.com.br,Male,157.30.127.253
274,Bendicty,MacPhaden,bmacphaden7l@imdb.com,Male,253.35.67.121
275,Barnabas,Dudin,bdudin7m@mail.ru,Male,19.65.95.173
276,Dennie,Denacamp,ddenacamp7n@weebly.com,Female,0.57.180.218
277,Marisa,Tinston,mtinston7o@diigo.com,Female,96.67.210.126
278,Myrilla,Cauldfield,mcauldfield7p@cdbaby.com,Female,60.37.111.222
279,Nicolina,Goodee,ngoodee7q@privacy.gov.au,Female,77.25.102.186
280,Ferd,Snoding,fsnoding7r@scientificamerican.com,Male,188.70.241.101
281,Nara,Wrightam,nwrightam7s@sina.com.cn,Female,85.250.196.163
282,Lavina,Facchini,lfacchini7t@deviantart.com,Female,220.82.164.231
283,Josee,Bullon,jbullon7u@archive.org,Female,134.174.217.209
284,Caria,D'Alwis,cdalwis7v@noaa.gov,Female,6.61.133.213
285,Wilek,Maasze,wmaasze7w@usgs.gov,Male,37.174.80.154
286,Ambrosio,Rodnight,arodnight7x@fema.gov,Male,67.204.46.237
287,Paul,Benazet,pbenazet7y@twitpic.com,Male,144.161.166.209
288,Noel,Chettle,nchettle7z@wufoo.com,Female,105.33.162.83
289,Jamaal,Daveran,jdaveran80@ameblo.jp,Male,185.4.20.132
290,Gale,Sambell,gsambell81@canalblog.com,Female,201.237.111.130
291,Erwin,Posselow,eposselow82@cnbc.com,Male,71.201.210.94
292,Tonia,Mogra,tmogra83@howstuffworks.com,Female,204.21.93.229
293,Minerva,Castanone,mcastanone84@jalbum.net,Female,174.115.251.102
294,Derick,Torresi,dtorresi85@guardian.co.uk,Polygender,6.172.197.9
295,Rozella,Riediger,rriediger86@w3.org,Female,250.58.204.137
296,Jakob,Klimentov,jklimentov87@netscape.com,Male,160.128.17.77
297,Blinnie,Viccary,bviccary88@vistaprint.com,Female,150.31.245.146
298,Gal,Pirdue,gpirdue89@comsenz.com,Male,217.77.78.126
299,Tirrell,Godley,tgodley8a@myspace.com,Male,211.151.63.246
300,Linc,Polland,lpolland8b@ovh.net,Male,65.44.215.2
301,Derek,Tinsey,dtinsey8c@typepad.com,Male,108.192.101.7
302,Devlen,Plaschke,dplaschke8d@baidu.com,Male,142.117.236.83
303,Gary,Drinan,gdrinan8e@howstuffworks.com,Male,171.65.108.82
304,Harlan,Pattrick,hpattrick8f@nhs.uk,Male,21.5.37.54
305,Myranda,Medler,mmedler8g@php.net,Female,150.77.178.131
306,Panchito,Dunk,pdunk8h@bigcartel.com,Male,251.173.37.57
307,Jasmine,Baistow,jbaistow8i@goo.ne.jp,Female,134.103.1.170
308,Catherine,McWilliam,cmcwilliam8j@desdev.cn,Female,249.36.53.40
309,Chas,Serginson,cserginson8k@google.ru,Male,76.0.153.211
310,Kinna,Tubble,ktubble8l@mapy.cz,Female,180.239.6.217
311,Leon,Kayser,lkayser8m@zimbio.com,Male,116.155.200.169
312,Calypso,Gatcliff,cgatcliff8n@cmu.edu,Female,72.45.166.125
313,Patrizius,Blacklock,pblacklock8o@nationalgeographic.com,Male,216.86.93.5
314,Dillon,Turl,dturl8p@shinystat.com,Male,233.39.231.20
315,Carolus,Eyes,ceyes8q@tamu.edu,Male,198.79.203.211
316,Wit,Wytchard,wwytchard8r@qq.com,Male,54.158.243.250
317,Misti,Ruddiman,mruddiman8s@soup.io,Female,82.212.126.140
318,Wilfrid,Capaldi,wcapaldi8t@trellian.com,Male,54.133.125.12
319,Torrin,Desorts,tdesorts8u@irs.gov,Male,32.231.233.158
320,Skipp,Morrill,smorrill8v@ft.com,Male,153.239.169.206
321,Marline,Farragher,mfarragher8w@nationalgeographic.com,Female,130.2.189.254
322,Veda,Gookey,vgookey8x@flickr.com,Female,89.167.36.184
323,Vinny,Poskitt,vposkitt8y@sciencedaily.com,Male,20.201.245.52
324,Lanita,Werndly,lwerndly8z@wix.com,Female,118.176.118.171
325,Augusta,Torricina,atorricina90@aboutads.info,Female,229.147.169.6
326,Oswald,Deary,odeary91@sakura.ne.jp,Male,179.215.166.7
327,Ailyn,Waything,awaything92@theatlantic.com,Female,233.167.147.76
328,Giselbert,Hargate,ghargate93@mac.com,Male,89.170.12.68
329,Harlie,McCloud,hmccloud94@columbia.edu,Female,40.138.51.192
330,Matti,Norway,mnorway95@marriott.com,Genderfluid,241.70.140.178
331,Byron,O' Cuolahan,bocuolahan96@timesonline.co.uk,Male,110.203.45.5
332,Stesha,Joesbury,sjoesbury97@unblog.fr,Female,223.219.230.243
333,Natalya,Scrivin,nscrivin98@4shared.com,Female,31.235.132.3
334,Dori,McGowan,dmcgowan99@uol.com.br,Female,180.183.185.70
335,Zena,McGaffey,zmcgaffey9a@cdbaby.com,Female,42.171.91.7
336,Bridgette,LLelweln,bllelweln9b@arizona.edu,Female,48.134.183.53
337,Brady,Pandya,bpandya9c@linkedin.com,Male,86.6.2.232
338,Maryrose,Wallbrook,mwallbrook9d@diigo.com,Female,153.31.227.181
339,Winfred,Fideler,wfideler9e@merriam-webster.com,Male,167.176.169.167
340,Lowrance,Eberlein,leberlein9f@hao123.com,Bigender,120.117.14.189
341,Tara,Vakhlov,tvakhlov9g@imageshack.us,Female,101.252.0.72
342,Kevon,Gourlie,kgourlie9h@shinystat.com,Male,204.150.210.58
343,Bennett,Mateos,bmateos9i@nbcnews.com,Male,253.206.101.150
344,Eleonore,Scrannage,escrannage9j@exblog.jp,Female,138.132.121.78
345,Ethelda,Stevani,estevani9k@dion.ne.jp,Female,6.6.126.171
346,Biron,Pentycost,bpentycost9l@guardian.co.uk,Male,110.98.58.85
347,Ardella,Dubock,adubock9m@narod.ru,Female,25.13.168.67
348,Sibylle,Robjohns,srobjohns9n@ibm.com,Female,79.19.181.70
349,Eli,Enticott,eenticott9o@woothemes.com,Male,165.97.219.214
350,Bale,Tosh,btosh9p@businessinsider.com,Male,184.103.228.43
351,Skipton,Mathias,smathias9q@ft.com,Male,5.104.159.192
352,Chris,Tipple,ctipple9r@columbia.edu,Male,235.226.35.234
353,Shela,Powell,spowell9s@smh.com.au,Female,11.245.146.238
354,Adelind,Dufer,adufer9t@un.org,Female,237.240.123.124
355,Carmine,Daughtrey,cdaughtrey9u@baidu.com,Female,67.166.115.243
356,Gunner,Harrington,gharrington9v@domainmarket.com,Bigender,89.70.44.88
357,Hermina,Eaklee,heaklee9w@about.me,Female,76.5.255.30
358,Gabriel,Ockwell,gockwell9x@nature.com,Male,88.68.248.66
359,Goran,Aykroyd,gaykroyd9y@elegantthemes.com,Male,190.218.167.226
360,Pearle,Yoodall,pyoodall9z@dyndns.org,Female,71.10.152.127
361,Tadio,Room,trooma0@yandex.ru,Male,38.240.0.192
362,Keefer,Gresley,kgresleya1@sfgate.com,Male,33.156.122.36
363,Nancee,Standring,nstandringa2@mlb.com,Female,142.132.34.177
364,Emelia,Bevir,ebevira3@jiathis.com,Female,152.41.110.142
365,Camala,Marfell,cmarfella4@unblog.fr,Female,95.167.124.16
366,Kellsie,Orrett,korretta5@i2i.jp,Female,254.55.28.26
367,Mickie,Basini-Gazzi,mbasinigazzia6@comcast.net,Male,109.190.247.234
368,Floyd,Schimonek,fschimoneka7@quantcast.com,Male,80.141.115.105
369,Elisha,St Quenin,estquenina8@google.nl,Female,0.226.176.143
370,Nathanil,Warin,nwarina9@cdbaby.com,Male,100.14.219.77
371,Ewen,Drache,edracheaa@sogou.com,Male,138.90.185.107
372,Rey,Casillis,rcasillisab@sciencedirect.com,Female,5.16.179.249
373,Clotilda,Conner,cconnerac@google.pl,Female,87.207.29.71
374,Berton,Camis,bcamisad@shinystat.com,Male,158.178.152.105
375,Cyrillus,Edrich,cedrichae@princeton.edu,Male,238.63.136.71
376,Deidre,Naisbit,dnaisbitaf@ca.gov,Genderfluid,106.176.206.87
377,Gery,Wellman,gwellmanag@zdnet.com,Male,138.9.61.109
378,Haily,Hadye,hhadyeah@bbc.co.uk,Male,160.137.152.110
379,Gonzalo,Blandamore,gblandamoreai@livejournal.com,Genderqueer,223.229.70.160
380,Gwennie,Synnot,gsynnotaj@eventbrite.com,Female,95.184.175.219
381,Inger,Bengefield,ibengefieldak@umich.edu,Male,93.63.229.71
382,Elana,Kalkofen,ekalkofenal@arstechnica.com,Agender,20.130.251.175
383,Zenia,Yanshonok,zyanshonokam@apache.org,Female,59.83.121.76
384,Allie,Kipping,akippingan@scribd.com,Male,64.105.23.47
385,Den,Lantry,dlantryao@cafepress.com,Male,248.120.154.248
386,Orelie,Tague,otagueap@ifeng.com,Female,63.32.8.70
387,Hagen,Collens,hcollensaq@stumbleupon.com,Male,56.216.32.85
388,Tim,Pocknoll,tpocknollar@goo.gl,Male,74.201.123.209
389,Garland,Varley,gvarleyas@mozilla.org,Bigender,212.46.7.185
390,Camile,Barizeret,cbarizeretat@ftc.gov,Female,195.147.159.196
391,Hal,Benit,hbenitau@moonfruit.com,Male,156.176.3.35
392,Michal,Dun,mdunav@samsung.com,Female,87.114.172.206
393,Charleen,Crallan,ccrallanaw@zdnet.com,Female,222.62.14.95
394,Prentiss,Shernock,pshernockax@statcounter.com,Male,200.180.205.142
395,Robinson,Spurrior,rspurrioray@bravesites.com,Male,62.161.124.54
396,Patton,Saur,psauraz@nature.com,Male,106.40.136.146
397,Merline,Starr,mstarrb0@omniture.com,Female,110.16.170.5
398,Odie,Clemenzi,oclemenzib1@census.gov,Male,225.148.106.198
399,Orin,Brinicombe,obrinicombeb2@blogger.com,Male,69.252.253.105
400,Eamon,Brookwell,ebrookwellb3@usa.gov,Genderqueer,16.11.122.2
401,Domenic,Tern,dternb4@simplemachines.org,Male,228.46.94.46
402,Paulo,O'Sheeryne,posheeryneb5@tinypic.com,Male,63.41.91.4
403,Waylin,Powton,wpowtonb6@upenn.edu,Male,87.80.37.66
404,Honor,Howett,hhowettb7@about.com,Female,28.1.156.6
405,Rem,Legister,rlegisterb8@dion.ne.jp,Male,131.34.0.68
406,Arty,Looks,alooksb9@angelfire.com,Male,249.25.18.199
407,Calhoun,Castaneda,ccastanedaba@redcross.org,Polygender,225.103.145.7
408,Billye,Grinikhinov,bgrinikhinovbb@businessweek.com,Female,244.212.157.171
409,Devinne,Davidzon,ddavidzonbc@tripadvisor.com,Female,86.40.183.138
410,Tabbi,Cavey,tcaveybd@cmu.edu,Female,183.253.77.80
411,Ranice,Midlane,rmidlanebe@free.fr,Female,56.37.66.211
412,Herschel,Center,hcenterbf@bizjournals.com,Male,250.129.216.176
413,Madison,Stanfield,mstanfieldbg@squarespace.com,Male,70.47.96.178
414,Konstanze,Aked,kakedbh@timesonline.co.uk,Female,18.4.139.87
415,Olwen,Tatchell,otatchellbi@businessweek.com,Female,93.109.28.50
416,Kylila,Knowller,kknowllerbj@privacy.gov.au,Female,186.187.51.209
417,Nert,Truder,ntruderbk@blogspot.com,Female,45.199.1.195
418,Karla,Lindfors,klindforsbl@diigo.com,Female,117.11.101.47
419,Conney,Van Son,cvansonbm@google.fr,Genderfluid,171.252.194.146
420,Kristien,Dinis,kdinisbn@blog.com,Female,12.228.52.187
421,Joelynn,Marrett,jmarrettbo@hc360.com,Female,206.88.225.188
422,Othilia,Delgua,odelguabp@paginegialle.it,Non-binary,17.15.179.108
423,Hetti,Beavors,hbeavorsbq@ca.gov,Female,159.172.35.176
424,Rheta,Wylie,rwyliebr@slate.com,Female,153.201.108.68
425,Florance,Bolger,fbolgerbs@furl.net,Female,35.2.77.121
426,Lola,Pratt,lprattbt@ucoz.com,Female,53.125.208.184
427,Lucy,Cullingworth,lcullingworthbu@cdc.gov,Female,80.254.121.203
428,Eleanora,O'Longain,eolongainbv@nyu.edu,Female,134.248.178.124
429,Gabriel,Gerardeaux,ggerardeauxbw@vimeo.com,Male,28.227.163.195
430,Erich,Gorgler,egorglerbx@amazon.co.uk,Male,102.75.91.16
431,Juana,Antoni,jantoniby@google.com.hk,Polygender,146.119.188.165
432,Cirstoforo,Bulmer,cbulmerbz@omniture.com,Polygender,35.85.234.13
433,Ulises,Phalip,uphalipc0@list-manage.com,Male,1.168.138.36
434,Ferne,Valencia,fvalenciac1@angelfire.com,Female,218.42.190.158
435,Edgardo,Nelm,enelmc2@issuu.com,Male,33.221.152.207
436,Becca,Wallen,bwallenc3@businessweek.com,Female,109.167.142.198
437,Dene,Chettle,dchettlec4@example.com,Male,99.25.4.121
438,Aurthur,Quinet,aquinetc5@oaic.gov.au,Male,24.64.224.207
439,Maribel,O'Dowd,modowdc6@illinois.edu,Female,26.56.135.105
440,Dennis,Rolph,drolphc7@ezinearticles.com,Male,240.16.207.226
441,Grata,Strettle,gstrettlec8@phpbb.com,Female,0.7.126.42
442,Clemmy,Lambourne,clambournec9@netscape.com,Polygender,91.10.13.235
443,Quincey,Cohrs,qcohrsca@netscape.com,Agender,209.163.67.4
444,Dore,Talby,dtalbycb@phoca.cz,Male,230.16.105.209
445,Adolphus,Dowgill,adowgillcc@youtu.be,Male,51.97.82.93
446,Jyoti,Derle,jderlecd@hostgator.com,Female,152.54.100.249
447,Shayne,Duncombe,sduncombece@diigo.com,Female,30.19.171.40
448,Bertine,Wyett,bwyettcf@ning.com,Female,37.237.230.38
449,Gilberte,Fawkes,gfawkescg@gov.uk,Female,24.20.229.244
450,Fernanda,Soda,fsodach@desdev.cn,Female,152.90.46.179
451,Mick,Kitteman,mkittemanci@tinyurl.com,Non-binary,6.231.207.81
452,Sofie,Yakovitch,syakovitchcj@1688.com,Polygender,3.135.91.10
453,Norris,Ginner,nginnerck@house.gov,Male,109.97.121.159
454,Beale,Waison,bwaisoncl@fda.gov,Male,212.133.42.191
455,Dolorita,MacCombe,dmaccombecm@harvard.edu,Female,110.92.86.24
456,Vincenz,Chrispin,vchrispincn@va.gov,Male,69.4.21.106
457,Jessica,Zorro,jzorroco@github.io,Female,198.111.109.47
458,Pincas,MacCambridge,pmaccambridgecp@spotify.com,Male,208.218.170.203
459,Kristel,Hawkswood,khawkswoodcq@slashdot.org,Female,173.187.253.63
460,Rana,Lavielle,rlaviellecr@ovh.net,Female,215.234.72.142
461,Nicola,Persse,nperssecs@studiopress.com,Female,249.193.28.82
462,Tades,Turville,tturvillect@dropbox.com,Male,81.210.160.11
463,Seka,Salerg,ssalergcu@oakley.com,Female,230.26.143.246
464,Borg,Le feuvre,blefeuvrecv@weibo.com,Male,208.165.232.176
465,Edd,Cosstick,ecosstickcw@wunderground.com,Male,85.26.11.227
466,Bernardine,Lempel,blempelcx@independent.co.uk,Female,42.123.193.96
467,Jolene,Scopes,jscopescy@yale.edu,Female,51.21.109.2
468,Marjy,Caughan,mcaughancz@bluehost.com,Female,3.127.36.142
469,Willamina,Merrill,wmerrilld0@myspace.com,Female,238.241.33.5
470,Mirelle,Ponte,mponted1@eepurl.com,Non-binary,191.134.228.62
471,Ally,Vawton,avawtond2@cyberchimps.com,Female,120.166.98.189
472,Bea,Ranstead,bransteadd3@51.la,Female,0.253.193.12
473,Osgood,Bentzen,obentzend4@unicef.org,Male,94.188.184.242
474,Shawna,Crehan,screhand5@who.int,Female,69.55.174.165
475,Con,Grigoryov,cgrigoryovd6@pcworld.com,Female,193.216.105.244
476,Britni,Heinsh,bheinshd7@example.com,Female,33.33.27.238
477,Gigi,Dewan,gdewand8@nbcnews.com,Agender,157.200.4.5
478,Rosalind,Wannan,rwannand9@webeden.co.uk,Female,14.127.125.205
479,Talbert,Allicock,tallicockda@unesco.org,Male,129.20.252.244
480,Marcia,Linsey,mlinseydb@com.com,Agender,121.248.231.117
481,Jeremiah,Gandey,jgandeydc@bizjournals.com,Male,129.103.199.216
482,Conrade,Comino,ccominodd@uol.com.br,Male,21.231.224.49
483,Svend,Nossent,snossentde@jugem.jp,Male,12.71.42.94
484,Bren,Gilstoun,bgilstoundf@moonfruit.com,Male,8.135.108.177
485,Manny,McNee,mmcneedg@google.ca,Male,18.55.49.69
486,Conant,Debney,cdebneydh@mapquest.com,Male,213.107.172.52
487,Cort,Bartolomucci,cbartolomuccidi@intel.com,Male,243.50.179.190
488,Morganica,Murison,mmurisondj@geocities.jp,Female,6.99.54.56
489,Trixy,Sallarie,tsallariedk@rakuten.co.jp,Female,79.11.66.52
490,Breanne,Thewys,bthewysdl@cam.ac.uk,Female,101.227.52.138
491,Gasper,Romaine,gromainedm@nsw.gov.au,Male,45.91.198.23
492,Richmound,Aven,ravendn@blinklist.com,Male,40.206.148.118
493,Kristan,Giovannilli,kgiovannillido@liveinternet.ru,Female,215.43.177.198
494,Arlene,Blakemore,ablakemoredp@quantcast.com,Female,105.247.173.43
495,Wini,Wein,wweindq@issuu.com,Female,182.3.17.182
496,Washington,Shelly,wshellydr@wisc.edu,Male,29.60.98.20
497,Pierre,Ridgeway,pridgewayds@scribd.com,Male,253.33.76.19
498,Gary,Lutzmann,glutzmanndt@mozilla.org,Male,170.92.101.92
499,Pamelina,Syers,psyersdu@networkadvertising.org,Female,124.255.202.82
500,Tabitha,Klimentyev,tklimentyevdv@forbes.com,Genderqueer,19.222.179.236
501,Erwin,O'Kenny,eokennydw@purevolume.com,Genderqueer,138.217.49.243
502,Clovis,Highway,chighwaydx@rediff.com,Female,128.140.214.254
503,Alis,Kenyon,akenyondy@ftc.gov,Female,73.56.73.205
504,Rosella,Erni,rernidz@harvard.edu,Female,25.224.31.210
505,Edgardo,Hauck,ehaucke0@wp.com,Male,142.55.29.89
506,Keelia,Charlson,kcharlsone1@cnet.com,Female,6.141.139.201
507,Orin,Spurgeon,ospurgeone2@go.com,Male,5.24.231.213
508,Arliene,Elgie,aelgiee3@gmpg.org,Female,140.113.161.121
509,Averell,Buy,abuye4@macromedia.com,Male,168.214.169.190
510,Marjie,Klageman,mklagemane5@linkedin.com,Female,252.183.200.140
511,Ruben,Jarrett,rjarrette6@msn.com,Agender,160.124.129.113
512,Alexandros,Footitt,afootitte7@columbia.edu,Male,115.229.178.192
513,Erv,Mair,emaire8@cbc.ca,Male,209.221.228.20
514,Horatius,Skains,hskainse9@purevolume.com,Male,83.197.85.170
515,Danell,Dominelli,ddominelliea@imdb.com,Female,2.110.245.237
516,Hannis,McGaugie,hmcgaugieeb@gizmodo.com,Genderfluid,130.15.9.245
517,Munroe,Screwton,mscrewtonec@nsw.gov.au,Male,69.117.233.146
518,Maximo,Brunton,mbruntoned@un.org,Male,138.27.110.190
519,Cirilo,Dunmore,cdunmoreee@google.ru,Male,56.123.76.142
520,Banky,Ivanilov,bivanilovef@merriam-webster.com,Male,1.4.215.167
521,Regina,Queen,rqueeneg@nhs.uk,Female,188.7.164.74
522,Tine,Kennady,tkennadyeh@blogs.com,Female,11.142.47.226
523,Verge,Platt,vplattei@wiley.com,Male,103.168.74.109
524,Benita,Pierce,bpierceej@bravesites.com,Female,249.234.80.200
525,Leda,Stovold,lstovoldek@wufoo.com,Female,54.25.92.139
526,Chrysler,Dulson,cdulsonel@mtv.com,Genderfluid,117.3.82.123
527,Jackie,Gavaran,jgavaranem@ebay.com,Male,225.89.58.222
528,El,Aitkin,eaitkinen@jugem.jp,Male,18.182.91.127
529,Christiana,McParland,cmcparlandeo@state.tx.us,Female,107.33.204.138
530,Olympie,Thebeaud,othebeaudep@ft.com,Female,232.133.92.33
531,Baldwin,Smaile,bsmaileeq@unblog.fr,Male,18.170.24.185
532,Eduard,Freen,efreener@alexa.com,Male,35.139.208.88
533,Pail,Bilt,pbiltes@yellowpages.com,Male,124.37.226.100
534,Denice,Mohun,dmohunet@yahoo.com,Non-binary,115.188.129.211
535,Pierrette,Clempton,pclemptoneu@adobe.com,Female,148.139.196.223
536,Loren,Pilcher,lpilcherev@google.com.au,Male,36.135.101.104
537,Wolf,Zammett,wzammettew@spiegel.de,Male,150.164.184.75
538,Allayne,Jorin,ajorinex@imdb.com,Male,104.182.182.178
539,Wylma,Ullyott,wullyottey@youku.com,Female,79.16.205.249
540,Harris,Riedel,hriedelez@wisc.edu,Male,71.150.126.60
541,Skell,Gobel,sgobelf0@yelp.com,Male,142.213.28.110
542,Welbie,Walsh,wwalshf1@ucsd.edu,Male,112.56.154.178
543,Sile,Swinley,sswinleyf2@delicious.com,Agender,223.135.68.223
544,Adoree,Weatherall,aweatherallf3@yahoo.co.jp,Female,89.179.47.226
545,Willi,Raithby,wraithbyf4@cbslocal.com,Male,140.172.195.36
546,Sally,Gearing,sgearingf5@bbb.org,Female,86.182.86.27
547,Emmy,Quakley,equakleyf6@nsw.gov.au,Male,90.174.6.31
548,Halli,Fenech,hfenechf7@cornell.edu,Female,21.163.146.225
549,Ursa,Row,urowf8@alexa.com,Female,230.110.239.199
550,Gerianne,Verne,gvernef9@eepurl.com,Female,166.17.153.164
551,Melodie,Linklet,mlinkletfa@reuters.com,Female,53.13.27.36
552,Dana,Addionizio,daddioniziofb@php.net,Male,16.49.239.145
553,Brade,Bracegirdle,bbracegirdlefc@google.com,Male,138.57.33.88
554,Thatcher,Martinets,tmartinetsfd@xinhuanet.com,Male,55.165.188.25
555,Maxi,Domke,mdomkefe@howstuffworks.com,Female,82.254.105.142
556,Willa,Tourner,wtournerff@rakuten.co.jp,Female,196.142.198.166
557,Lindsey,Linnemann,llinnemannfg@wufoo.com,Female,243.46.108.221
558,Roxanne,Beauchop,rbeauchopfh@chron.com,Female,138.85.210.83
559,Heinrik,Joret,hjoretfi@deviantart.com,Male,69.21.233.75
560,Armstrong,Ackermann,aackermannfj@webnode.com,Male,30.35.184.138
561,Karylin,Duinbleton,kduinbletonfk@chron.com,Female,14.83.199.108
562,Odelinda,Wilacot,owilacotfl@geocities.com,Female,206.110.209.158
563,Karlene,Rapa,krapafm@infoseek.co.jp,Genderfluid,64.62.80.226
564,Janel,Axworthy,jaxworthyfn@topsy.com,Female,132.197.69.131
565,Peter,Bedborough,pbedboroughfo@spotify.com,Male,224.111.25.13
566,Elizabeth,Cristofori,ecristoforifp@i2i.jp,Female,79.65.187.106
567,Farica,Reavey,freaveyfq@slashdot.org,Female,42.44.218.1
568,Yoshiko,Latliff,ylatlifffr@loc.gov,Female,142.64.252.133
569,Nero,Chaves,nchavesfs@amazon.com,Male,40.97.205.20
570,Grace,Lantiffe,glantiffeft@answers.com,Male,180.202.156.8
571,Kaylyn,Robken,krobkenfu@wikia.com,Female,142.6.147.84
572,Niven,Bonn,nbonnfv@oaic.gov.au,Male,199.251.126.252
573,Bea,Mawditt,bmawdittfw@studiopress.com,Female,41.37.151.233
574,Heddie,Lathleiff,hlathleifffx@dion.ne.jp,Genderqueer,108.112.153.164
575,Virgil,Paskell,vpaskellfy@engadget.com,Male,14.42.208.36
576,Sande,Thicking,sthickingfz@booking.com,Female,110.236.17.135
577,Barbette,Mate,bmateg0@w3.org,Genderqueer,66.150.192.18
578,Pattin,Gallaher,pgallaherg1@multiply.com,Male,84.240.109.125
579,Reed,Treadaway,rtreadawayg2@springer.com,Male,43.47.153.173
580,Philip,Greenshields,pgreenshieldsg3@newyorker.com,Male,0.255.120.28
581,Cole,Twaite,ctwaiteg4@instagram.com,Male,244.248.114.233
582,Yoshi,Rapi,yrapig5@soup.io,Genderqueer,247.184.251.69
583,Colby,Czajka,cczajkag6@mtv.com,Male,46.34.171.122
584,Rhodia,Toe,rtoeg7@buzzfeed.com,Female,12.226.91.243
585,Stace,Keneforde,skenefordeg8@github.com,Female,61.201.215.205
586,Zeke,Traher,ztraherg9@microsoft.com,Male,86.251.20.71
587,Elisabet,Reville,erevillega@cam.ac.uk,Genderqueer,87.73.255.154
588,Townie,Maffia,tmaffiagb@wunderground.com,Male,188.177.203.219
589,Shell,Flobert,sflobertgc@51.la,Male,245.146.37.18
590,Eleonora,Pigeram,epigeramgd@bloomberg.com,Female,100.141.181.93
591,Flinn,Shower,fshowerge@lycos.com,Male,203.163.104.238
592,Orrin,Crudginton,ocrudgintongf@noaa.gov,Male,97.234.151.144
593,Elisha,Imlaw,eimlawgg@tripadvisor.com,Female,53.13.238.109
594,Hillier,MacGhee,hmacgheegh@naver.com,Male,200.12.248.42
595,Tate,Pietzke,tpietzkegi@altervista.org,Female,72.156.155.47
596,Kayne,Conklin,kconklingj@phoca.cz,Male,173.238.198.11
597,Maxy,Seaward,mseawardgk@spotify.com,Female,178.206.36.22
598,Phedra,Le Moucheux,plemoucheuxgl@e-recht24.de,Female,59.92.39.72
599,Clevey,Tiptaft,ctiptaftgm@unesco.org,Male,246.149.202.18
600,Carey,Stidever,cstidevergn@ezinearticles.com,Female,71.151.190.177
601,Erika,Measom,emeasomgo@51.la,Female,248.87.120.147
602,Gav,Jaram,gjaramgp@phoca.cz,Male,48.250.74.115
603,Zaccaria,Stannas,zstannasgq@etsy.com,Male,212.95.142.221
604,Dorey,Runge,drungegr@hc360.com,Female,114.44.39.50
605,Regen,Soames,rsoamesgs@ihg.com,Genderqueer,158.127.241.133
606,Meyer,Robatham,mrobathamgt@wordpress.org,Male,229.183.51.111
607,Florence,Antonazzi,fantonazzigu@psu.edu,Female,208.198.29.11
608,Dewitt,Gartin,dgartingv@usnews.com,Male,108.58.95.174
609,Fabio,Conachy,fconachygw@nymag.com,Male,191.17.85.163
610,Alexandro,Mochar,amochargx@furl.net,Male,90.177.77.19
611,Curran,Greenside,cgreensidegy@ehow.com,Male,8.73.26.175
612,Fabien,Nerval,fnervalgz@merriam-webster.com,Male,81.123.198.51
613,Corilla,Conneau,cconneauh0@arizona.edu,Female,196.182.101.219
614,Esta,Grogan,egroganh1@umich.edu,Female,49.226.213.41
615,Hartley,Lowsely,hlowselyh2@vk.com,Male,46.204.195.38
616,Glynnis,Teather,gteatherh3@yolasite.com,Female,14.135.6.102
617,Fredi,Farrants,ffarrantsh4@prlog.org,Female,42.153.166.199
618,Odell,Ivanshintsev,oivanshintsevh5@zdnet.com,Genderqueer,167.72.107.116
619,Doretta,Negus,dnegush6@google.com.au,Female,124.3.170.205
620,Rand,Deniset,rdeniseth7@booking.com,Male,178.76.5.112
621,Cordie,Offer,cofferh8@admin.ch,Female,63.172.32.175
622,Abram,Pimerick,apimerickh9@usgs.gov,Male,245.231.19.127
623,Paulina,Armfirld,parmfirldha@ycombinator.com,Female,121.54.30.176
624,Verne,Bozward,vbozwardhb@jiathis.com,Male,245.111.253.41
625,Gage,Snedker,gsnedkerhc@adobe.com,Male,9.201.94.231
626,Joey,Lanfear,jlanfearhd@indiatimes.com,Female,59.194.206.205
627,Gunner,O'Doran,godoranhe@last.fm,Male,124.177.228.105
628,Dean,Impson,dimpsonhf@wsj.com,Male,159.32.40.223
629,Martha,Lawrey,mlawreyhg@e-recht24.de,Female,81.156.91.170
630,Caldwell,Clifford,ccliffordhh@vk.com,Male,183.244.6.131
631,Cy,Murrill,cmurrillhi@clickbank.net,Male,39.253.63.199
632,Grantley,Jesson,gjessonhj@marriott.com,Male,96.33.138.136
633,Devlin,Biesterfeld,dbiesterfeldhk@squarespace.com,Male,106.97.197.213
634,Angus,Lowson,alowsonhl@alibaba.com,Male,67.45.139.211
635,Koressa,Yukhnin,kyukhninhm@ebay.com,Female,29.53.176.185
636,Eleanora,Devaney,edevaneyhn@liveinternet.ru,Female,32.195.87.213
637,Waite,Swiffen,wswiffenho@miitbeian.gov.cn,Non-binary,208.193.244.150
638,Quinton,Sides,qsideshp@ow.ly,Male,225.230.194.151
639,Jennie,Seifert,jseiferthq@twitter.com,Female,183.86.157.72
640,Say,Yurin,syurinhr@google.ca,Male,61.57.138.198
641,Cara,de Nore,cdenorehs@paginegialle.it,Female,203.64.225.86
642,Gabby,Josefson,gjosefsonht@va.gov,Male,131.27.149.121
643,Anthiathia,Woolrich,awoolrichhu@merriam-webster.com,Female,192.164.159.97
644,Olimpia,Parkins,oparkinshv@nsw.gov.au,Female,20.240.220.125
645,Ardith,Garfath,agarfathhw@storify.com,Female,172.46.139.75
646,Yancey,Whightman,ywhightmanhx@guardian.co.uk,Male,227.18.196.160
647,Noelle,Jerzak,njerzakhy@plala.or.jp,Female,88.108.135.95
648,Nye,Gorges,ngorgeshz@loc.gov,Male,167.164.167.171
649,Sandy,Galton,sgaltoni0@edublogs.org,Male,32.124.142.125
650,Donaugh,Shakesby,dshakesbyi1@rediff.com,Male,217.140.190.194
651,Jozef,Moakler,jmoakleri2@meetup.com,Male,66.69.237.113
652,Euell,Melia,emeliai3@spiegel.de,Male,146.117.160.211
653,Mathian,Clover,mcloveri4@etsy.com,Male,124.151.209.156
654,Briano,Ickovitz,bickovitzi5@xrea.com,Male,135.43.80.232
655,Erny,Durie,eduriei6@cam.ac.uk,Male,1.198.7.21
656,Joshuah,Baine,jbainei7@twitpic.com,Male,77.226.187.168
657,Noble,Giacomuzzi,ngiacomuzzii8@wiley.com,Male,63.225.63.0
658,Thorstein,Auton,tautoni9@squarespace.com,Male,18.93.197.215
659,Harriett,Simo,hsimoia@cbc.ca,Female,114.197.239.216
660,Finlay,Loughlan,floughlanib@walmart.com,Male,79.223.137.36
661,Priscilla,Grigson,pgrigsonic@gnu.org,Genderfluid,211.141.23.131
662,Eleen,Crevagh,ecrevaghid@themeforest.net,Female,31.42.54.61
663,Benyamin,Beverage,bbeverageie@lulu.com,Male,65.71.103.45
664,Purcell,Chamberlin,pchamberlinif@wsj.com,Male,210.65.33.82
665,Pandora,de Clerq,pdeclerqig@elegantthemes.com,Non-binary,123.26.4.146
666,Rhona,Mea,rmeaih@cargocollective.com,Polygender,228.195.141.72
667,Jonell,Ashborn,jashbornii@usnews.com,Female,242.195.178.29
668,Adrienne,Chinnock,achinnockij@youtu.be,Female,27.80.200.159
669,Alika,Symon,asymonik@admin.ch,Female,144.152.226.158
670,Grata,Vivash,gvivashil@rambler.ru,Female,121.140.43.63
671,Herby,Crowcher,hcrowcherim@telegraph.co.uk,Male,4.15.37.15
672,Gill,Speck,gspeckin@hubpages.com,Female,237.164.47.101
673,Sibelle,Larrett,slarrettio@multiply.com,Female,78.174.5.211
674,Hadrian,Purdey,hpurdeyip@canalblog.com,Male,109.36.145.54
675,Ameline,Stubbley,astubbleyiq@live.com,Female,146.241.166.143
676,Amery,Nutty,anuttyir@liveinternet.ru,Male,236.82.194.30
677,Hedwig,Thorington,hthoringtonis@home.pl,Female,163.211.47.239
678,Adolph,Bramelt,abrameltit@mapy.cz,Male,7.104.122.199
679,Zachary,Poor,zpooriu@ted.com,Non-binary,234.7.196.202
680,Davy,Wickliffe,dwickliffeiv@ftc.gov,Male,18.213.140.54
681,Ben,Douse,bdouseiw@parallels.com,Male,250.29.161.226
682,Mahmud,Bruckman,mbruckmanix@businessweek.com,Male,6.200.0.182
683,Ethan,Peschka,epeschkaiy@cnbc.com,Male,28.41.153.118
684,Norina,Duignan,nduignaniz@springer.com,Female,3.68.57.77
685,Anestassia,Drysdell,adrysdellj0@yellowpages.com,Female,131.178.37.148
686,Mareah,Pursehouse,mpursehousej1@symantec.com,Female,241.222.44.4
687,Pearl,Hearle,phearlej2@nature.com,Female,218.182.175.7
688,Wanids,Maidment,wmaidmentj3@accuweather.com,Female,76.180.136.142
689,Teddie,Walcar,twalcarj4@sbwire.com,Male,201.110.45.175
690,Jenna,Paull,jpaullj5@hp.com,Female,101.184.4.53
691,Brennen,Gunton,bguntonj6@about.me,Male,175.205.154.49
692,Kore,Edinboro,kedinboroj7@kickstarter.com,Female,29.255.222.18
693,Valida,Klimuk,vklimukj8@bluehost.com,Female,5.171.237.224
694,Aaren,Standon,astandonj9@360.cn,Female,6.222.134.167
695,Enos,Gravener,egravenerja@google.co.uk,Male,16.255.147.142
696,Kerk,Davydochkin,kdavydochkinjb@smh.com.au,Male,42.144.128.216
697,Ben,Routledge,broutledgejc@youtube.com,Genderqueer,143.168.53.85
698,Orv,Perillio,operilliojd@epa.gov,Male,65.214.125.142
699,Ricky,Alfwy,ralfwyje@trellian.com,Female,99.61.219.228
700,Bob,Hearnshaw,bhearnshawjf@go.com,Male,39.31.33.234
701,Rica,Rutley,rrutleyjg@admin.ch,Female,255.117.28.134
702,Merridie,Phettis,mphettisjh@wsj.com,Female,45.184.152.30
703,Heath,Beeson,hbeesonji@bloomberg.com,Agender,41.96.239.230
704,Woodman,Chew,wchewjj@nydailynews.com,Male,90.36.74.104
705,Jerrome,Pott,jpottjk@macromedia.com,Male,160.211.114.167
706,Zorah,Osichev,zosichevjl@nasa.gov,Female,61.132.207.228
707,Ebony,Hillatt,ehillattjm@xing.com,Female,137.151.116.89
708,Brodie,Lavalde,blavaldejn@ifeng.com,Male,218.229.176.238
709,Linell,Dunkerton,ldunkertonjo@gizmodo.com,Female,229.86.78.185
710,Rikki,Drust,rdrustjp@e-recht24.de,Female,255.64.42.82
711,Yettie,Ryton,yrytonjq@deliciousdays.com,Female,27.230.37.101
712,Winny,Grigorushkin,wgrigorushkinjr@nps.gov,Bigender,63.27.218.251
713,Jena,Garvan,jgarvanjs@webnode.com,Female,89.120.216.118
714,Bartolomeo,Tolliday,btollidayjt@ucla.edu,Male,48.124.20.146
715,Barbette,Philpott,bphilpottju@constantcontact.com,Female,182.168.209.65
716,Sheffy,Scholcroft,sscholcroftjv@bbc.co.uk,Male,148.22.236.178
717,Jdavie,Draycott,jdraycottjw@cbslocal.com,Agender,76.96.105.109
718,Niall,Casale,ncasalejx@constantcontact.com,Male,142.186.223.37
719,Bastien,Turneux,bturneuxjy@buzzfeed.com,Polygender,234.180.13.138
720,Tabb,Merring,tmerringjz@1und1.de,Genderqueer,71.113.216.57
721,Norean,Middler,nmiddlerk0@usgs.gov,Female,173.83.184.217
722,Rebecka,Worling,rworlingk1@phpbb.com,Female,134.191.229.243
723,Baxie,Yallop,byallopk2@loc.gov,Male,43.187.194.166
724,Giorgi,Asplen,gasplenk3@studiopress.com,Male,145.102.96.105
725,Nate,Walwood,nwalwoodk4@vk.com,Male,35.162.218.163
726,Paulie,Salazar,psalazark5@mozilla.com,Male,226.44.10.23
727,Emilio,Carpenter,ecarpenterk6@imdb.com,Male,55.243.159.41
728,Delaney,Reston,drestonk7@cbslocal.com,Male,227.218.122.63
729,Forster,Guinane,fguinanek8@cocolog-nifty.com,Male,117.121.49.213
730,Herculie,Von Brook,hvonbrookk9@aboutads.info,Genderqueer,154.7.7.99
731,Bonny,Domoni,bdomonika@huffingtonpost.com,Female,208.93.160.170
732,Cindi,Shapiro,cshapirokb@ibm.com,Female,240.93.139.155
733,Frederigo,Valde,fvaldekc@wikia.com,Male,155.116.63.251
734,Constancy,Bazell,cbazellkd@accuweather.com,Female,21.208.238.156
735,Gualterio,Twelvetrees,gtwelvetreeske@unblog.fr,Male,38.172.2.223
736,Angelika,Goodfellow,agoodfellowkf@symantec.com,Female,205.203.123.249
737,Theda,Jamrowicz,tjamrowiczkg@artisteer.com,Female,121.34.26.129
738,Padraic,Trevarthen,ptrevarthenkh@loc.gov,Male,122.115.72.117
739,Ody,Winspare,owinspareki@intel.com,Male,6.24.183.127
740,Dian,Walters,dwalterskj@fastcompany.com,Female,85.87.115.15
741,Carly,Breadon,cbreadonkk@goo.gl,Male,22.137.14.241
742,Wade,Tumayan,wtumayankl@symantec.com,Male,174.112.27.191
743,Pia,Bargery,pbargerykm@smh.com.au,Female,148.158.193.124
744,Sonni,Ivanyukov,sivanyukovkn@liveinternet.ru,Female,100.140.251.81
745,Darlene,Zavittieri,dzavittieriko@omniture.com,Bigender,237.237.204.4
746,Lacey,Siddon,lsiddonkp@state.tx.us,Female,170.186.164.202
747,Cordell,Dallow,cdallowkq@ucsd.edu,Male,180.117.208.110
748,Melvin,Sheen,msheenkr@yahoo.co.jp,Male,245.211.59.8
749,Em,Theodoris,etheodorisks@hp.com,Male,220.252.172.236
750,Merrill,MacMickan,mmacmickankt@discovery.com,Male,236.127.87.113
751,Omero,Kubiczek,okubiczekku@devhub.com,Male,198.101.101.202
752,Maynord,Balharrie,mbalharriekv@arizona.edu,Male,101.87.14.146
753,Fina,Pont,fpontkw@csmonitor.com,Female,168.134.241.116
754,Danielle,Duxbury,dduxburykx@huffingtonpost.com,Female,109.165.12.98
755,Katti,Marchiso,kmarchisoky@trellian.com,Female,202.220.164.157
756,Earlie,Donne,edonnekz@networksolutions.com,Male,235.227.138.130
757,Daphna,Atack,datackl0@bravesites.com,Female,36.187.123.185
758,Eddy,Skalls,eskallsl1@yandex.ru,Female,206.90.186.56
759,Lucienne,Britner,lbritnerl2@acquirethisname.com,Female,15.209.39.214
760,Carrissa,Readwood,creadwoodl3@forbes.com,Female,8.126.57.191
761,Jefferson,Eadon,jeadonl4@flickr.com,Male,210.71.255.177
762,Brigg,Hallibone,bhallibonel5@prlog.org,Male,138.78.8.238
763,Agatha,Goaks,agoaksl6@theglobeandmail.com,Female,131.241.171.164
764,Georgeanna,Hush,ghushl7@pbs.org,Female,31.95.90.88
765,Walton,Shales,wshalesl8@mit.edu,Male,242.126.224.198
766,Harwell,Briton,hbritonl9@blogs.com,Male,170.91.61.161
767,Norma,Dobsons,ndobsonsla@i2i.jp,Polygender,222.7.148.9
768,Vinnie,Kording,vkordinglb@chronoengine.com,Agender,119.108.233.46
769,Dionis,Tant,dtantlc@pcworld.com,Female,152.97.129.51
770,Fernandina,Alessandrini,falessandrinild@theglobeandmail.com,Agender,109.129.84.97
771,Elwin,Prazor,eprazorle@flavors.me,Male,226.141.194.192
772,Daniela,Headey,dheadeylf@pcworld.com,Female,2.238.10.11
773,Manuel,Eite,meitelg@miitbeian.gov.cn,Male,32.30.164.231
774,Jelene,de Merida,jdemeridalh@hao123.com,Female,239.98.41.230
775,Nike,Gors,ngorsli@gov.uk,Female,184.41.248.227
776,Rachele,Reihill,rreihilllj@zdnet.com,Female,66.122.100.73
777,Shea,Grinsted,sgrinstedlk@si.edu,Male,47.83.91.195
778,Merla,Skelhorne,mskelhornell@spotify.com,Female,127.89.19.175
779,Myrle,Lycett,mlycettlm@nyu.edu,Female,191.243.117.14
780,Iver,Pavis,ipavisln@arstechnica.com,Male,161.30.249.31
781,Karna,Versey,kverseylo@usnews.com,Female,48.121.8.170
782,Opalina,Tilne,otilnelp@usgs.gov,Female,21.232.79.30
783,Rupert,Ossulton,rossultonlq@printfriendly.com,Male,172.167.20.79
784,Port,Dragon,pdragonlr@google.it,Male,124.113.102.185
785,Herve,Cristofori,hcristoforils@altervista.org,Male,43.206.208.127
786,Christal,Kennicott,ckennicottlt@illinois.edu,Female,83.75.71.67
787,Willie,Lode,wlodelu@bbb.org,Male,206.54.130.224
788,Codee,Dunkley,cdunkleylv@cmu.edu,Female,62.34.121.30
789,Ruby,Pentin,rpentinlw@cbsnews.com,Male,179.235.78.100
790,Arvin,Lodewick,alodewicklx@apple.com,Male,22.5.212.50
791,Hatty,Goding,hgodingly@marketwatch.com,Female,250.62.215.120
792,Salvidor,Peasnone,speasnonelz@forbes.com,Male,97.127.149.110
793,Dian,Coulthart,dcoulthartm0@sciencedirect.com,Female,14.54.146.183
794,Lorilee,Parradye,lparradyem1@si.edu,Genderfluid,56.173.239.30
795,Sheelah,Blondin,sblondinm2@cbslocal.com,Female,255.16.185.243
796,Edvard,Pollicatt,epollicattm3@uiuc.edu,Male,123.133.13.160
797,Sauncho,Hambidge,shambidgem4@ebay.co.uk,Male,121.158.110.178
798,Ladonna,Huckell,lhuckellm5@springer.com,Bigender,61.175.18.94
799,Rosemaria,Hargrove,rhargrovem6@sina.com.cn,Female,191.14.225.235
800,Mavis,Marmon,mmarmonm7@businessinsider.com,Female,184.55.53.202
801,Keen,Pistol,kpistolm8@nifty.com,Male,94.74.78.93
802,Griffin,Dadge,gdadgem9@mozilla.org,Male,106.250.161.21
803,Anders,Jaye,ajayema@123-reg.co.uk,Male,124.231.105.16
804,Hewet,Fantini,hfantinimb@va.gov,Male,206.181.143.47
805,Thacher,Staggs,tstaggsmc@skype.com,Male,210.253.169.19
806,Bentley,MacCall,bmaccallmd@nba.com,Male,22.124.250.113
807,Rosemary,Kermannes,rkermannesme@blogger.com,Female,28.128.159.232
808,Althea,Truwert,atruwertmf@weather.com,Female,218.91.214.133
809,Fletch,Crookshanks,fcrookshanksmg@salon.com,Male,161.171.253.249
810,Barclay,Gehricke,bgehrickemh@freewebs.com,Genderfluid,169.26.39.181
811,Daffy,Haggeth,dhaggethmi@blog.com,Genderqueer,47.47.101.5
812,Lacey,Dabes,ldabesmj@google.com.hk,Female,126.141.177.156
813,Phaidra,Varnham,pvarnhammk@fastcompany.com,Non-binary,221.62.185.190
814,Cullin,Brazenor,cbrazenorml@gravatar.com,Male,89.82.62.254
815,Kristos,Bradock,kbradockmm@reddit.com,Male,47.72.194.131
816,Gan,Faudrie,gfaudriemn@canalblog.com,Male,173.238.151.222
817,Steward,Jakaway,sjakawaymo@umich.edu,Male,133.32.110.68
818,Lion,Chandler,lchandlermp@census.gov,Non-binary,184.121.213.133
819,Gypsy,Capini,gcapinimq@freewebs.com,Female,114.51.132.167
820,Frannie,Riccardelli,friccardellimr@msn.com,Female,135.114.198.4
821,Antony,Stredder,astredderms@telegraph.co.uk,Male,175.23.29.83
822,Loydie,Roscoe,lroscoemt@biglobe.ne.jp,Male,252.28.120.228
823,Felic,Murrish,fmurrishmu@amazonaws.com,Male,10.151.245.181
824,Lotta,Spencley,lspencleymv@businessinsider.com,Female,182.4.65.237
825,Rafaellle,Wathell,rwathellmw@reddit.com,Male,153.111.79.69
826,Thacher,Hefner,thefnermx@boston.com,Male,11.252.158.224
827,Kaylyn,Schulze,kschulzemy@arstechnica.com,Female,100.147.42.44
828,Coraline,Crimp,ccrimpmz@over-blog.com,Female,49.228.239.129
829,Giavani,Claus,gclausn0@theguardian.com,Male,61.40.240.60
830,Roderich,Yarrow,ryarrown1@addtoany.com,Male,133.127.93.134
831,Wilmer,Blundan,wblundann2@topsy.com,Male,142.199.186.101
832,Nevin,Kupec,nkupecn3@nytimes.com,Agender,52.16.51.225
833,Olivia,McCard,omccardn4@thetimes.co.uk,Female,245.14.251.214
834,Jorge,Castenda,jcastendan5@rediff.com,Male,105.48.135.228
835,Washington,Melrose,wmelrosen6@sourceforge.net,Male,198.248.157.162
836,Marlie,Spendlove,mspendloven7@rediff.com,Female,169.200.35.187
837,Hale,Rucklidge,hrucklidgen8@princeton.edu,Male,254.174.199.188
838,Benjy,Walford,bwalfordn9@surveymonkey.com,Male,174.98.26.128
839,Townsend,Vasilevich,tvasilevichna@studiopress.com,Genderqueer,62.83.14.113
840,Carry,McCaghan,cmccaghannb@php.net,Female,251.20.99.104
841,Launce,Fibbit,lfibbitnc@jigsy.com,Male,193.254.130.71
842,Allayne,Kirwin,akirwinnd@auda.org.au,Male,239.134.152.209
843,Chevy,Ewence,cewencene@mapy.cz,Male,25.120.58.180
844,Jenica,Freeland,jfreelandnf@japanpost.jp,Female,229.240.204.104
845,Berty,Darnbrook,bdarnbrookng@europa.eu,Female,237.226.230.117
846,Barbi,Tuxill,btuxillnh@about.com,Female,49.46.161.4
847,Vladamir,Crinson,vcrinsonni@ovh.net,Male,11.227.218.250
848,Roddie,Buzin,rbuzinnj@i2i.jp,Male,146.145.198.36
849,Clem,Jarred,cjarrednk@delicious.com,Male,169.113.21.214
850,Myrwyn,Houston,mhoustonnl@pen.io,Male,54.213.85.118
851,Marcellina,Ludford,mludfordnm@google.it,Female,207.12.213.190
852,Marge,Groundwator,mgroundwatornn@blogspot.com,Female,93.100.195.94
853,Lawry,Gover,lgoverno@jiathis.com,Male,174.164.67.147
854,Krispin,Dionisetto,kdionisettonp@cam.ac.uk,Male,62.23.217.116
855,Waylen,Rolfi,wrolfinq@infoseek.co.jp,Male,89.197.107.212
856,Silvia,Aviss,savissnr@jugem.jp,Female,34.253.172.179
857,Pippa,Lopez,plopezns@hatena.ne.jp,Female,197.103.7.227
858,Dolf,Kain,dkainnt@nbcnews.com,Male,176.117.84.105
859,Kellina,Corneille,kcorneillenu@disqus.com,Female,156.114.154.147
860,Vinnie,Goolding,vgooldingnv@independent.co.uk,Female,177.153.166.128
861,Larry,Ribbon,lribbonnw@skype.com,Male,123.52.212.184
862,Penn,Stookes,pstookesnx@wikipedia.org,Male,108.98.163.187
863,Teena,Sherrell,tsherrellny@hud.gov,Female,159.12.226.232
864,Gennie,Aris,garisnz@discovery.com,Female,122.55.226.98
865,Pooh,Preble,pprebleo0@opera.com,Male,211.17.237.13
866,Raven,Athelstan,rathelstano1@smh.com.au,Female,199.160.162.116
867,Clayton,MacDwyer,cmacdwyero2@ebay.co.uk,Male,248.100.20.204
868,Germana,Burde,gburdeo3@barnesandnoble.com,Female,133.127.51.129
869,Dina,Stangoe,dstangoeo4@rambler.ru,Polygender,123.120.133.162
870,Guillema,Biaggiotti,gbiaggiottio5@toplist.cz,Female,45.198.18.20
871,Mathias,Sacase,msacaseo6@alibaba.com,Male,141.5.217.91
872,Harland,Kolczynski,hkolczynskio7@tiny.cc,Male,135.142.128.188
873,Shayla,McGreary,smcgrearyo8@discuz.net,Genderfluid,29.56.175.135
874,Whitman,Hovey,whoveyo9@rediff.com,Male,187.95.150.246
875,Diann,Bernetti,dbernettioa@amazon.com,Female,237.10.54.174
876,Brena,Langmead,blangmeadob@ustream.tv,Female,57.204.145.147
877,Bartolemo,Duigenan,bduigenanoc@wikia.com,Male,218.180.42.98
878,Hilliard,O'Mailey,homaileyod@cloudflare.com,Male,197.116.186.203
879,Sax,Prickett,sprickettoe@icq.com,Male,118.57.130.163
880,Shellie,Lismore,slismoreof@msu.edu,Female,69.95.110.148
881,Lebbie,Sutch,lsutchog@blogtalkradio.com,Polygender,66.106.144.78
882,Tobie,Nesbitt,tnesbittoh@fc2.com,Male,182.180.98.221
883,Beaufort,Oldaker,boldakeroi@instagram.com,Male,240.57.175.203
884,Cirstoforo,Hadleigh,chadleighoj@godaddy.com,Male,124.250.29.166
885,Shayna,McKerlie,smckerlieok@diigo.com,Female,93.46.36.117
886,Helene,Jurkowski,hjurkowskiol@shutterfly.com,Agender,136.63.220.122
887,Justina,Creer,jcreerom@google.nl,Female,254.221.112.247
888,Luella,Lethebridge,llethebridgeon@wisc.edu,Female,40.74.23.201
889,Nealson,Nutt,nnuttoo@bigcartel.com,Male,68.186.220.19
890,Waldon,Maciunas,wmaciunasop@springer.com,Male,17.213.136.52
891,Fawne,Lippi,flippioq@example.com,Female,26.205.186.79
892,Harrie,MacGillavery,hmacgillaveryor@dropbox.com,Female,207.62.72.207
893,Blythe,Sommerland,bsommerlandos@blogs.com,Female,142.185.155.164
894,Quinn,Tippler,qtipplerot@dropbox.com,Female,221.114.151.25
895,Mary,Siley,msileyou@yahoo.co.jp,Bigender,168.219.20.151
896,Ardys,Flexman,aflexmanov@nymag.com,Female,196.214.90.199
897,Horatius,Crowcher,hcrowcherow@geocities.com,Genderqueer,239.32.3.99
898,Leonore,Harmon,lharmonox@weebly.com,Female,252.104.253.142
899,Fee,Stiddard,fstiddardoy@freewebs.com,Male,235.64.5.156
900,Juliann,Lamminam,jlamminamoz@delicious.com,Female,15.240.236.158
901,Liesa,Recher,lrecherp0@forbes.com,Female,61.91.204.84
902,Whit,Stroyan,wstroyanp1@sogou.com,Male,238.221.146.135
903,Allys,Jaffrey,ajaffreyp2@sun.com,Female,87.46.17.48
904,Brana,Bolger,bbolgerp3@youtube.com,Female,188.160.21.12
905,Beale,Diver,bdiverp4@vistaprint.com,Male,252.205.133.48
906,Harrietta,Sterzaker,hsterzakerp5@msn.com,Female,109.28.50.131
907,Alfie,Antonomolii,aantonomoliip6@gizmodo.com,Male,162.211.31.111
908,Nataline,Tregido,ntregidop7@nih.gov,Female,80.224.226.118
909,Neale,Vogel,nvogelp8@infoseek.co.jp,Male,161.87.135.22
910,Todd,MacKenney,tmackenneyp9@admin.ch,Male,204.244.248.251
911,Lian,Bentsen,lbentsenpa@ning.com,Female,123.3.169.208
912,Mose,Crooks,mcrookspb@soundcloud.com,Male,103.98.84.200
913,Audre,Scougall,ascougallpc@163.com,Female,86.175.69.93
914,Emelen,Mityushin,emityushinpd@aboutads.info,Male,119.178.147.115
915,Boycie,Pickle,bpicklepe@amazon.co.jp,Male,22.108.253.13
916,Kendell,Chiese,kchiesepf@pagesperso-orange.fr,Male,242.103.41.124
917,Selig,Baitman,sbaitmanpg@nytimes.com,Male,184.154.1.38
918,Stephana,Parnall,sparnallph@theatlantic.com,Female,131.75.150.84
919,Andy,Torns,atornspi@tinyurl.com,Male,132.192.44.246
920,Theresita,M'Quharge,tmquhargepj@over-blog.com,Female,109.109.50.79
921,Kit,Skryne,kskrynepk@nps.gov,Female,249.253.161.232
922,Valenka,Giacomozzo,vgiacomozzopl@telegraph.co.uk,Female,115.12.137.48
923,Aurelie,Barrett,abarrettpm@ed.gov,Female,64.205.1.220
924,Guntar,Hebble,ghebblepn@netlog.com,Male,70.225.76.134
925,Richardo,Salvidge,rsalvidgepo@mtv.com,Male,168.217.214.10
926,Vita,Woolmington,vwoolmingtonpp@army.mil,Female,49.2.104.116
927,Nappie,Befroy,nbefroypq@desdev.cn,Male,57.126.201.111
928,Matteo,Weymont,mweymontpr@tmall.com,Male,188.226.211.150
929,Wainwright,Bilfoot,wbilfootps@amazon.de,Male,210.231.72.80
930,Claybourne,Busson,cbussonpt@ebay.com,Male,232.208.255.90
931,Seymour,Mate,smatepu@uiuc.edu,Male,171.162.47.73
932,Rosabel,Heaysman,rheaysmanpv@ebay.com,Female,149.251.239.247
933,Cary,Walewicz,cwalewiczpw@dailymail.co.uk,Male,171.223.116.135
934,Chic,Ligerton,cligertonpx@a8.net,Male,31.209.220.62
935,Kinna,Whitear,kwhitearpy@amazon.co.uk,Female,21.242.57.119
936,Stirling,Denyagin,sdenyaginpz@umich.edu,Male,99.66.53.24
937,Karalee,Yeulet,kyeuletq0@ameblo.jp,Female,97.36.155.84
938,Lenette,Nassau,lnassauq1@lulu.com,Female,106.164.223.63
939,Ardith,Kearle,akearleq2@ask.com,Female,232.26.2.39
940,Meade,Volet,mvoletq3@imdb.com,Male,60.97.254.201
941,Ethe,Meuse,emeuseq4@businessinsider.com,Male,233.174.91.102
942,Dee,Sinkin,dsinkinq5@woothemes.com,Female,20.53.171.254
943,Bradley,Levermore,blevermoreq6@opensource.org,Male,214.197.240.222
944,Sim,Fuzzey,sfuzzeyq7@infoseek.co.jp,Male,198.84.76.101
945,Goraud,Suddick,gsuddickq8@de.vu,Male,178.85.78.85
946,Jimmy,Dearnley,jdearnleyq9@cargocollective.com,Male,156.217.11.83
947,Terri,Koba,tkobaqa@cbslocal.com,Male,103.72.185.129
948,Bridgette,Tivenan,btivenanqb@redcross.org,Female,138.181.1.233
949,Hank,Roscamp,hroscampqc@printfriendly.com,Male,22.119.52.53
950,Bill,Speer,bspeerqd@home.pl,Non-binary,174.124.133.118
951,Minerva,Founds,mfoundsqe@naver.com,Agender,226.132.155.145
952,Faythe,Brosius,fbrosiusqf@businessinsider.com,Female,91.17.107.72
953,Charlot,Blomfield,cblomfieldqg@wikia.com,Female,158.107.213.39
954,Sidonia,Applewhite,sapplewhiteqh@qq.com,Female,247.19.93.206
955,Gertrud,Tithecote,gtithecoteqi@ebay.com,Female,255.141.158.135
956,Lanie,Sayes,lsayesqj@paypal.com,Male,74.59.144.231
957,Vikky,Guile,vguileqk@example.com,Genderqueer,203.108.196.154
958,Elysia,Rizzardo,erizzardoql@ebay.co.uk,Female,16.157.209.18
959,Cari,Leonida,cleonidaqm@hexun.com,Female,81.57.92.63
960,Margot,Carrivick,mcarrivickqn@vkontakte.ru,Female,24.16.113.151
961,Amalie,Strickland,astricklandqo@fotki.com,Female,72.236.243.165
962,Vivien,Philipard,vphilipardqp@dailymotion.com,Female,164.125.23.206
963,Robinson,Henrionot,rhenrionotqq@netvibes.com,Male,198.221.193.80
964,Matthew,Lichtfoth,mlichtfothqr@youtu.be,Male,65.209.54.22
965,Selle,Greensitt,sgreensittqs@amazon.co.uk,Female,54.101.25.147
966,Teresina,Gabbotts,tgabbottsqt@jimdo.com,Genderfluid,243.251.161.102
967,Arabel,Eves,aevesqu@yahoo.co.jp,Female,161.57.51.241
968,Frazier,Lipmann,flipmannqv@ebay.co.uk,Male,46.91.194.108
969,Rollie,Gianullo,rgianulloqw@elegantthemes.com,Male,98.248.27.88
970,Jerald,Luckin,jluckinqx@army.mil,Male,177.99.41.120
971,Kim,Marusic,kmarusicqy@123-reg.co.uk,Male,112.182.54.6
972,Zared,Dyche,zdycheqz@sciencedirect.com,Male,79.81.11.205
973,Denna,Clarage,dclarager0@privacy.gov.au,Genderfluid,151.162.6.163
974,Kinny,Fawdery,kfawderyr1@mlb.com,Male,37.38.143.204
975,Clint,Mottershaw,cmottershawr2@msn.com,Male,24.66.251.90
976,Ermentrude,Abramcik,eabramcikr3@abc.net.au,Non-binary,138.116.196.58
977,Tillie,Bedow,tbedowr4@bandcamp.com,Female,189.39.98.199
978,Evie,Lummasana,elummasanar5@senate.gov,Female,121.253.32.186
979,Bobine,Sandland,bsandlandr6@list-manage.com,Genderqueer,59.79.118.161
980,Marve,Leppo,mleppor7@oakley.com,Male,102.239.151.246
981,Austen,Murkus,amurkusr8@netlog.com,Male,226.94.3.69
982,Bastian,Piell,bpiellr9@marketwatch.com,Male,107.106.111.229
983,Sigfried,Skentelbury,sskentelburyra@phpbb.com,Agender,151.151.231.197
984,Hayes,Naulls,hnaullsrb@google.fr,Male,181.182.80.182
985,Erinn,Donkersley,edonkersleyrc@addtoany.com,Female,71.142.44.99
986,Alanah,Galiford,agalifordrd@zdnet.com,Female,123.143.236.243
987,Eb,Henriquet,ehenriquetre@newsvine.com,Male,166.50.246.75
988,Bronny,Brasseur,bbrasseurrf@senate.gov,Male,243.240.86.224
989,Nicol,De Ambrosis,ndeambrosisrg@nytimes.com,Female,182.21.222.35
990,Gracia,Orknay,gorknayrh@prlog.org,Female,129.119.49.187
991,Percy,Jouen,pjouenri@gravatar.com,Male,219.184.192.87
992,Rufus,Jimeno,rjimenorj@howstuffworks.com,Male,108.15.133.199
993,Tabbie,Krolak,tkrolakrk@cargocollective.com,Female,93.144.158.255
994,Richie,Scudamore,rscudamorerl@un.org,Male,105.78.125.232
995,Sascha,Jouannin,sjouanninrm@plala.or.jp,Female,182.244.83.45
996,Eirena,Bende,ebendern@mail.ru,Non-binary,136.103.203.234
997,Waverly,Blanchet,wblanchetro@patch.com,Male,173.254.21.146
998,Viviene,Issitt,vissittrp@ameblo.jp,Bigender,47.130.220.211
999,Mason,Trubshawe,mtrubshawerq@gmpg.org,Male,219.238.158.191
1000,Rhianon,Fitzer,rfitzerrr@shareasale.com,Female,6.3.202.116
