id,first_name,last_name,email,gender,ip_address
1,Brinna,MacGuigan,bmacguigan0@myspace.com,Female,17.221.180.222
2,Boris,Dennidge,bdennidge1@nyu.edu,Male,139.211.134.70
3,Chris,Seater,cseater2@people.com.cn,Male,44.201.173.148
4,Francis,Knibley,fknibley3@abc.net.au,Polygender,141.127.145.175
5,Darla,McCreery,dmccreery4@cbslocal.com,Female,51.160.120.39
6,Denna,Neild,dneild5@google.com,Female,169.52.167.152
7,Katerine,Segrave,ksegrave6@rambler.ru,Female,156.223.210.116
8,Rogers,Metterick,rmetterick7@geocities.com,Male,127.25.45.201
9,Velma,Meiklejohn,vmeiklejohn8@bloglovin.com,Female,217.77.100.236
10,Evan,Giottoi,egiottoi9@ebay.com,Male,154.214.180.170
11,Anny,Loxton,aloxtona@techcrunch.com,Female,1.181.4.217
12,Kelcey,Flament,kflamentb@china.com.cn,Female,250.237.249.145
13,Donavon,Danneil,ddanneilc@chron.com,Male,247.129.217.131
14,Margeaux,Biernat,mbiernatd@wordpress.org,Female,61.165.105.31
15,Ray,Kersey,rkerseye@cornell.edu,Male,30.80.10.241
16,Fletch,Cyphus,fcyphusf@prnewswire.com,Male,204.153.197.157
17,Neddie,Thinn,nthinng@cam.ac.uk,Male,63.36.205.7
18,Aveline,Woodfin,awoodfinh@dagondesign.com,Female,20.88.8.98
19,Ragnar,Kulvear,rkulveari@sina.com.cn,Male,218.33.111.61
20,Tatum,Coal,tcoalj@ning.com,Agender,31.177.157.171
21,Shae,Graeme,sgraemek@theguardian.com,Female,20.187.83.210
22,Malvina,Leger,mlegerl@patch.com,Female,215.180.4.57
23,Hadley,Beggini,hbegginim@wp.com,Polygender,19.248.41.241
24,Nathalie,Moorton,nmoortonn@stanford.edu,Female,17.119.162.98
25,Daphna,Gayforth,dgayfortho@auda.org.au,Female,9.217.100.0
26,Dre,Fulham,dfulhamp@about.com,Female,45.201.181.200
27,Anabel,Hovie,ahovieq@ezinearticles.com,Agender,201.186.190.218
28,Larissa,Barense,lbarenser@dedecms.com,Female,66.105.18.208
29,Colman,Cutchey,ccutcheys@earthlink.net,Male,185.11.40.73
30,Zelda,Thompson,zthompsont@sina.com.cn,Female,41.147.188.180
31,Misha,Oldershaw,moldershawu@simplemachines.org,Female,151.37.0.59
32,Julita,Cuthbert,jcuthbertv@google.it,Female,76.16.121.57
33,Star,Jikovsky,sjikovskyw@ted.com,Female,120.142.61.44
34,Sashenka,Doni,sdonix@state.tx.us,Female,55.8.132.86
35,Hersch,Standeven,hstandeveny@mozilla.org,Male,165.149.103.210
36,Sergio,Poles,spolesz@pagesperso-orange.fr,Male,174.63.232.16
37,Leyla,Robardey,lrobardey10@wikipedia.org,Female,92.61.191.19
38,Urbain,Fletcher,ufletcher11@blogtalkradio.com,Male,36.253.41.151
39,Carlie,Duprey,cduprey12@jimdo.com,Female,72.80.228.219
40,Maible,Whitnall,mwhitnall13@google.it,Bigender,111.134.88.176
41,Harp,Bernaciak,hbernaciak14@dion.ne.jp,Male,201.93.58.147
42,Reider,O'Skehan,roskehan15@gizmodo.com,Male,45.177.32.234
43,Gamaliel,Chucks,gchucks16@home.pl,Male,146.142.161.29
44,Bessie,Proger,bproger17@weibo.com,Female,183.111.49.151
45,Aile,Stonard,astonard18@shop-pro.jp,Female,25.240.205.158
46,Laetitia,Lafoy,llafoy19@go.com,Female,209.117.10.72
47,Simonne,Keyho,skeyho1a@springer.com,Genderfluid,183.228.11.207
48,Natal,Scanes,nscanes1b@cnn.com,Male,178.174.121.145
49,Leola,Stripp,lstripp1c@oakley.com,Female,7.43.128.221
50,Nikolas,Behne,nbehne1d@epa.gov,Male,198.210.252.219
51,Kean,Matteacci,kmatteacci1e@yolasite.com,Male,187.152.182.66
52,Zondra,Driver,zdriver1f@privacy.gov.au,Female,157.95.55.144
53,Dodi,Ranklin,dranklin1g@eepurl.com,Female,168.228.128.163
54,Prudy,Barracks,pbarracks1h@senate.gov,Female,152.190.222.251
55,Denny,MacAskie,dmacaskie1i@hatena.ne.jp,Female,247.189.131.178
56,Zsazsa,Peeters,zpeeters1j@google.com.au,Female,201.28.73.23
57,Flossi,Matejovsky,fmatejovsky1k@eepurl.com,Female,136.233.18.28
58,Sean,Bern,sbern1l@vk.com,Female,115.229.225.113
59,Sheffy,Calderonello,scalderonello1m@people.com.cn,Male,201.177.87.60
60,Eziechiele,Brychan,ebrychan1n@xing.com,Male,72.65.77.57
61,Law,Bastock,lbastock1o@uiuc.edu,Male,65.122.75.43
62,Debbie,McCard,dmccard1p@youtube.com,Female,233.225.8.220
63,Ilka,Esley,iesley1q@1und1.de,Female,85.249.89.147
64,Fedora,Beaford,fbeaford1r@clickbank.net,Female,175.142.50.154
65,Blanca,Cadell,bcadell1s@sfgate.com,Female,180.252.140.255
66,Ade,Craig,acraig1t@ucoz.com,Male,18.130.186.245
67,Stephen,Wabersich,swabersich1u@tiny.cc,Male,61.84.170.186
68,Noemi,Courcey,ncourcey1v@newyorker.com,Female,94.178.17.156
69,Dori,Hardie,dhardie1w@plala.or.jp,Female,136.64.82.145
70,Win,Ewles,wewles1x@com.com,Male,157.27.203.105
71,Reamonn,Abela,rabela1y@un.org,Male,174.71.206.139
72,Lynett,Demer,ldemer1z@businessinsider.com,Female,186.244.82.207
73,Marianne,Morrowe,mmorrowe20@toplist.cz,Female,32.87.15.214
74,Marlena,Tremblot,mtremblot21@weebly.com,Polygender,243.7.106.137
75,Toinette,Tapper,ttapper22@fc2.com,Female,169.24.158.34
76,Serge,Bareford,sbareford23@exblog.jp,Non-binary,52.201.121.255
77,Gerhard,Loyns,gloyns24@usnews.com,Non-binary,53.166.122.3
78,Marlyn,Waber,mwaber25@cnet.com,Female,17.32.142.138
79,Vernen,Payze,vpayze26@nasa.gov,Male,85.21.73.45
80,Adlai,Dutt,adutt27@joomla.org,Male,152.99.86.138
81,Sallee,Giacomuzzi,sgiacomuzzi28@tmall.com,Female,70.187.246.227
82,Marmaduke,Coathup,mcoathup29@sciencedaily.com,Male,229.110.247.129
83,Justen,McGinney,jmcginney2a@ftc.gov,Male,159.95.199.194
84,Rosanne,Adshede,radshede2b@fotki.com,Female,34.42.85.148
85,Ema,Sellman,esellman2c@prnewswire.com,Female,36.147.109.114
86,Nixie,Connell,nconnell2d@sina.com.cn,Female,129.121.42.138
87,Brig,Moberley,bmoberley2e@imdb.com,Male,88.210.47.133
88,Mannie,Corps,mcorps2f@tmall.com,Male,136.126.42.37
89,Northrup,Bellerby,nbellerby2g@parallels.com,Male,65.252.63.70
90,Jud,Stockau,jstockau2h@forbes.com,Male,26.187.121.69
91,Felipe,Wetherill,fwetherill2i@1688.com,Male,113.8.38.60
92,Marlena,Feehery,mfeehery2j@exblog.jp,Female,35.172.124.175
93,Reilly,McAdam,rmcadam2k@digg.com,Male,187.34.251.38
94,Stanfield,Samet,ssamet2l@skype.com,Male,213.150.128.249
95,Filbert,Coveny,fcoveny2m@time.com,Male,61.94.3.121
96,Adella,Northedge,anorthedge2n@skyrock.com,Female,148.13.163.62
97,Jenelle,Decent,jdecent2o@marriott.com,Female,238.191.209.15
98,Ossie,Dumelow,odumelow2p@google.es,Male,142.211.121.212
99,Dorothea,McBay,dmcbay2q@sphinn.com,Female,220.207.125.21
100,Davidde,Aldin,daldin2r@dion.ne.jp,Male,213.195.229.56
101,Corie,Dwelley,cdwelley2s@tuttocitta.it,Genderqueer,169.251.142.168
102,Carola,Clamp,cclamp2t@nyu.edu,Female,206.198.28.214
103,Maxy,Hatry,mhatry2u@chron.com,Female,103.25.14.134
104,Dre,Coo,dcoo2v@clickbank.net,Bigender,74.245.158.126
105,Teriann,Grinham,tgrinham2w@sitemeter.com,Female,137.4.201.132
106,De,Collete,dcollete2x@cbc.ca,Female,102.18.165.61
107,Forbes,Scranney,fscranney2y@umich.edu,Male,239.181.225.145
108,Fernande,Allum,fallum2z@zdnet.com,Female,76.230.96.121
109,Dede,Drawmer,ddrawmer30@mail.ru,Polygender,176.247.46.148
110,Leonerd,Stonner,lstonner31@smh.com.au,Male,171.146.77.190
111,Mata,Bradder,mbradder32@istockphoto.com,Male,123.210.227.107
112,Kessiah,Petroff,kpetroff33@issuu.com,Female,109.200.1.225
113,Fanechka,Denington,fdenington34@spotify.com,Bigender,45.216.193.41
114,Kellie,Alyoshin,kalyoshin35@mac.com,Genderqueer,5.99.42.131
115,Raquel,Grzelczak,rgrzelczak36@ocn.ne.jp,Female,216.71.17.157
116,Linnell,Scrancher,lscrancher37@weather.com,Female,87.4.57.101
117,Leela,Matresse,lmatresse38@twitpic.com,Female,217.216.255.32
118,Zarah,Pridgeon,zpridgeon39@studiopress.com,Female,120.67.193.21
119,Dyane,Eldrid,deldrid3a@nymag.com,Female,202.191.32.107
120,Paulie,Galiero,pgaliero3b@mashable.com,Genderqueer,24.12.62.201
121,Eloisa,Laste,elaste3c@uiuc.edu,Female,22.240.144.31
122,Florrie,Dutt,fdutt3d@fda.gov,Female,96.125.247.195
123,Jayme,Dahmel,jdahmel3e@eepurl.com,Female,52.190.232.79
124,Maryellen,Morant,mmorant3f@amazon.co.jp,Female,25.64.86.5
125,Bren,Works,bworks3g@unicef.org,Male,127.1.4.47
126,Heinrick,Leatherbarrow,hleatherbarrow3h@technorati.com,Male,15.77.95.59
127,Salem,Hagstone,shagstone3i@vinaora.com,Male,173.108.119.41
128,Gustav,Ingliby,gingliby3j@blog.com,Male,97.103.226.147
129,Gusty,Patrick,gpatrick3k@hatena.ne.jp,Female,80.241.225.198
130,Sibel,Hubery,shubery3l@acquirethisname.com,Female,10.251.10.204
131,Annmarie,Wittke,awittke3m@instagram.com,Female,161.29.225.147
132,Karney,Cardoo,kcardoo3n@github.io,Male,193.42.74.224
133,Hertha,Westrip,hwestrip3o@1und1.de,Female,236.169.118.112
134,Eamon,Naisbitt,enaisbitt3p@typepad.com,Male,251.16.125.240
135,Arlina,Sedgemond,asedgemond3q@lulu.com,Female,133.96.35.73
136,Emiline,Howcroft,ehowcroft3r@jalbum.net,Agender,199.42.233.149
137,Zenia,Laxston,zlaxston3s@indiegogo.com,Agender,144.76.192.156
138,Lorrie,Avrahamov,lavrahamov3t@xinhuanet.com,Male,100.5.156.80
139,Dannie,Ferrarello,dferrarello3u@youku.com,Male,37.134.147.4
140,Nicola,Dandie,ndandie3v@canalblog.com,Male,73.17.2.231
141,Thorin,Chinnery,tchinnery3w@guardian.co.uk,Male,38.219.60.39
142,Skipp,Duckering,sduckering3x@scientificamerican.com,Male,17.193.25.170
143,Cathe,Pollicote,cpollicote3y@hatena.ne.jp,Female,48.4.112.116
144,Sabrina,Soares,ssoares3z@thetimes.co.uk,Agender,17.186.174.233
145,Junia,King,jking40@jigsy.com,Female,126.172.29.199
146,Miranda,Yegorovnin,myegorovnin41@msu.edu,Female,59.91.40.84
147,Corbett,Rickards,crickards42@oaic.gov.au,Male,113.121.94.139
148,Francoise,Ede,fede43@examiner.com,Female,91.21.93.99
149,Welch,Sheard,wsheard44@php.net,Male,74.41.67.24
150,Jasmine,Poynton,jpoynton45@artisteer.com,Female,241.91.155.117
151,Claudianus,Gillebride,cgillebride46@wisc.edu,Male,205.97.75.161
152,Evelin,Berr,eberr47@bloglovin.com,Male,92.159.181.39
153,Chaddy,Reeme,creeme48@so-net.ne.jp,Male,93.102.55.121
154,Homerus,Featherstonehaugh,hfeatherstonehaugh49@bing.com,Male,65.29.203.118
155,Clarissa,Gronav,cgronav4a@google.it,Female,102.163.17.121
156,Clarissa,Senussi,csenussi4b@mysql.com,Female,170.253.82.239
157,Stevie,Brehat,sbrehat4c@soup.io,Male,130.171.147.91
158,Sauncho,Congrave,scongrave4d@mail.ru,Male,88.147.194.164
159,Alicia,Kenningley,akenningley4e@ucsd.edu,Female,149.67.183.18
160,Booth,Youthead,byouthead4f@clickbank.net,Male,71.33.217.209
161,Markos,Loyley,mloyley4g@youku.com,Male,238.95.242.49
162,Codee,Saben,csaben4h@google.it,Female,41.254.24.196
163,Ev,Scarsbrook,escarsbrook4i@hc360.com,Male,105.239.186.78
164,Robbie,Bage,rbage4j@tripadvisor.com,Male,168.224.249.55
165,Wallis,Woltering,wwoltering4k@netscape.com,Male,250.188.9.80
166,Mari,Blaydon,mblaydon4l@amazon.de,Female,166.18.68.1
167,Lorettalorna,Norway,lnorway4m@shareasale.com,Female,159.134.24.74
168,Brandie,Behning,bbehning4n@nps.gov,Female,253.244.62.121
169,Kenton,Gruby,kgruby4o@hibu.com,Male,198.195.162.157
170,Joaquin,Riordan,jriordan4p@alexa.com,Male,185.94.232.248
171,Curcio,Pittway,cpittway4q@harvard.edu,Male,196.34.53.17
172,Wes,Haddy,whaddy4r@time.com,Male,124.77.15.204
173,Roby,Schiersch,rschiersch4s@bigcartel.com,Female,233.68.25.215
174,Benedicto,Simonetto,bsimonetto4t@home.pl,Male,1.8.2.85
175,Andras,aManger,aamanger4u@forbes.com,Male,127.169.170.10
176,Keely,Treleaven,ktreleaven4v@studiopress.com,Female,32.74.174.201
177,Marielle,Burker,mburker4w@nifty.com,Female,218.69.31.152
178,Pauly,Eldin,peldin4x@zimbio.com,Female,110.213.37.231
179,Mela,Croan,mcroan4y@privacy.gov.au,Female,83.240.105.109
180,Alix,Loader,aloader4z@php.net,Male,193.108.77.255
181,Jeniffer,Nell,jnell50@yahoo.com,Female,136.101.126.49
182,Regen,Jowle,rjowle51@whitehouse.gov,Male,178.220.125.145
183,Ardra,Lemonnier,alemonnier52@uiuc.edu,Female,255.63.139.73
184,Sabina,Frenzel;,sfrenzel53@newsvine.com,Female,247.237.96.205
185,Shaylyn,Marin,smarin54@chicagotribune.com,Female,27.88.11.170
186,Quent,Leirmonth,qleirmonth55@microsoft.com,Male,178.103.73.161
187,Betti,Chansonne,bchansonne56@auda.org.au,Female,240.124.189.251
188,Stevie,Benito,sbenito57@skyrock.com,Genderfluid,35.228.203.162
189,Jerad,Klebes,jklebes58@parallels.com,Genderqueer,111.10.181.108
190,Alfonse,Shovlar,ashovlar59@unc.edu,Male,210.234.129.127
191,Raimundo,Jarry,rjarry5a@wikimedia.org,Bigender,247.147.219.48
192,Antonie,Beavon,abeavon5b@prweb.com,Bigender,13.43.59.54
193,Evelin,Hiddsley,ehiddsley5c@washingtonpost.com,Male,250.164.114.121
194,Liliane,Dowty,ldowty5d@google.es,Female,23.130.176.106
195,Boniface,Wetherick,bwetherick5e@linkedin.com,Male,66.253.212.71
196,Rurik,Duetsche,rduetsche5f@gmpg.org,Male,235.122.203.40
197,Mabel,Blaszkiewicz,mblaszkiewicz5g@irs.gov,Non-binary,165.55.84.250
198,Lida,Robinet,lrobinet5h@google.com.hk,Female,141.232.212.21
199,Alma,Billany,abillany5i@mediafire.com,Female,42.100.121.155
200,Germain,MacQuaker,gmacquaker5j@tmall.com,Female,140.34.173.110
201,Lanni,Bing,lbing5k@yolasite.com,Female,69.177.36.94
202,Noelle,Blount,nblount5l@cloudflare.com,Female,246.155.24.79
203,Kerri,Zute,kzute5m@vimeo.com,Female,239.53.117.96
204,Bessie,Halvosen,bhalvosen5n@wired.com,Female,28.116.41.239
205,Lusa,Ducroe,lducroe5o@dailymotion.com,Female,83.140.149.104
206,Lance,Oleksiak,loleksiak5p@cyberchimps.com,Male,101.166.170.168
207,Cheryl,MacMorland,cmacmorland5q@gov.uk,Female,147.9.143.178
208,Wells,Tippler,wtippler5r@friendfeed.com,Male,253.26.168.45
209,Frederic,Strut,fstrut5s@drupal.org,Male,194.251.106.87
210,Samuel,Brodnecke,sbrodnecke5t@comcast.net,Male,196.13.55.90
211,Briant,Blague,bblague5u@webmd.com,Male,105.1.80.108
212,Dallon,Osbidston,dosbidston5v@yahoo.com,Male,138.16.99.220
213,Coralie,Hekkert,chekkert5w@comcast.net,Female,239.141.249.22
214,Matty,Sinnott,msinnott5x@canalblog.com,Female,41.191.133.239
215,Rafa,Cockson,rcockson5y@csmonitor.com,Female,52.53.227.12
216,Pierre,Sketchley,psketchley5z@hatena.ne.jp,Male,238.99.130.54
217,Jessey,Cathro,jcathro60@purevolume.com,Male,78.146.117.72
218,Simonette,Breckell,sbreckell61@liveinternet.ru,Female,194.247.42.70
219,Honoria,Marjoribanks,hmarjoribanks62@economist.com,Female,6.138.158.158
220,Nada,Bashford,nbashford63@prweb.com,Female,23.54.233.51
221,Iolande,Hackelton,ihackelton64@ibm.com,Female,88.196.27.59
222,Tyler,Brandacci,tbrandacci65@hugedomains.com,Male,110.115.18.58
223,Sheba,Mecozzi,smecozzi66@dot.gov,Female,154.68.113.154
224,Tarrah,Faulkes,tfaulkes67@theguardian.com,Female,249.156.54.177
225,Rafaelita,Gehrtz,rgehrtz68@columbia.edu,Female,27.242.212.145
226,Monah,Pirie,mpirie69@newsvine.com,Female,195.8.29.71
227,Roderich,Rives,rrives6a@webeden.co.uk,Male,177.115.242.142
228,Tiertza,Wharf,twharf6b@nymag.com,Female,41.139.109.171
229,Caro,Perago,cperago6c@woothemes.com,Female,129.34.165.6
230,Louie,Atwool,latwool6d@scientificamerican.com,Male,155.94.190.240
231,Charlean,Leale,cleale6e@va.gov,Female,170.119.193.191
232,Roma,Summerton,rsummerton6f@foxnews.com,Male,12.23.32.244
233,Kellen,Tyas,ktyas6g@feedburner.com,Male,74.217.71.134
234,Lorilyn,Gerald,lgerald6h@sina.com.cn,Female,95.59.76.15
235,Olivero,Arlott,oarlott6i@prweb.com,Genderqueer,150.29.76.240
236,Darleen,Persehouse,dpersehouse6j@tmall.com,Female,25.244.35.67
237,Farlie,Barrs,fbarrs6k@blog.com,Male,148.81.11.190
238,Edythe,Wateridge,ewateridge6l@abc.net.au,Female,173.172.124.140
239,Emlen,Valek,evalek6m@alexa.com,Agender,238.252.121.188
240,Staci,Fivey,sfivey6n@comcast.net,Genderfluid,55.190.34.112
241,Nola,Trowle,ntrowle6o@wsj.com,Female,220.185.80.152
242,Donn,Denton,ddenton6p@imageshack.us,Male,218.110.215.239
243,Omar,Fippe,ofippe6q@wikimedia.org,Male,26.7.31.173
244,Brooke,Zorn,bzorn6r@php.net,Male,125.159.13.103
245,Zak,McQuaide,zmcquaide6s@amazon.com,Polygender,65.173.101.123
246,Agace,Vassman,avassman6t@economist.com,Female,210.144.226.105
247,Heddie,Krier,hkrier6u@lulu.com,Female,43.176.151.112
248,Saxe,Metzing,smetzing6v@huffingtonpost.com,Male,226.208.48.156
249,Ximenez,Du Fray,xdufray6w@hp.com,Male,165.148.115.8
250,Sam,Castagnasso,scastagnasso6x@sina.com.cn,Male,208.189.241.12
251,Blinny,Reynoldson,breynoldson6y@about.com,Female,73.14.143.81
252,Clo,Hesey,chesey6z@dmoz.org,Female,224.128.0.111
253,Christophorus,Bolden,cbolden70@unblog.fr,Male,143.90.11.161
254,Lari,Fenkel,lfenkel71@dedecms.com,Female,152.227.178.181
255,Aveline,Roelvink,aroelvink72@go.com,Female,66.245.211.117
256,Lainey,Badman,lbadman73@csmonitor.com,Polygender,15.231.127.194
257,Cynthie,McIlwaine,cmcilwaine74@ustream.tv,Female,245.239.97.241
258,Alon,Baudouin,abaudouin75@china.com.cn,Male,21.193.212.166
259,Skipton,Fessler,sfessler76@lycos.com,Male,224.240.210.205
260,Vinnie,McKinstry,vmckinstry77@nyu.edu,Male,21.143.229.119
261,Worthy,Calleja,wcalleja78@nature.com,Male,213.96.211.53
262,Ambrosi,Ainley,aainley79@miibeian.gov.cn,Male,80.226.82.19
263,Ana,Arnopp,aarnopp7a@cloudflare.com,Female,241.216.193.151
264,Nelle,Trammel,ntrammel7b@digg.com,Female,157.69.136.10
265,Tobias,Malter,tmalter7c@howstuffworks.com,Male,37.38.219.230
266,Francisco,Mocher,fmocher7d@amazon.de,Male,210.103.79.30
267,Cynthia,Loader,cloader7e@e-recht24.de,Female,150.235.238.100
268,Delly,Ruvel,druvel7f@g.co,Polygender,201.31.147.167
269,Bearnard,Sirmon,bsirmon7g@soundcloud.com,Male,209.55.160.222
270,Temple,Challace,tchallace7h@bravesites.com,Male,114.13.168.127
271,Forrest,Crocken,fcrocken7i@senate.gov,Male,171.15.56.59
272,Fairleigh,Neeves,fneeves7j@mashable.com,Male,4.56.137.189
273,Vachel,Garrard,vgarrard7k@drupal.org,Male,6.216.82.165
274,Taffy,Iffland,tiffland7l@qq.com,Female,106.76.173.225
275,Jaine,Wyrill,jwyrill7m@etsy.com,Female,97.248.236.103
276,Allyn,Walak,awalak7n@furl.net,Genderqueer,157.3.164.80
277,Aurlie,O'Corrane,aocorrane7o@gmpg.org,Female,193.40.210.33
278,Katine,Beausang,kbeausang7p@macromedia.com,Female,233.96.179.204
279,Rosemary,Ainslee,rainslee7q@china.com.cn,Female,204.100.116.21
280,Jeniffer,MacAndrew,jmacandrew7r@google.cn,Female,134.155.123.165
281,Audrie,O'Hartnedy,aohartnedy7s@liveinternet.ru,Female,216.13.163.96
282,Faydra,Sellick,fsellick7t@patch.com,Female,248.70.177.136
283,Bianca,Dalla,bdalla7u@constantcontact.com,Female,226.144.87.89
284,Chen,Prandin,cprandin7v@icq.com,Male,25.30.97.108
285,Belita,Jenicke,bjenicke7w@histats.com,Female,19.148.167.69
286,Charlton,Musk,cmusk7x@gov.uk,Male,222.237.240.250
287,Latrina,McGurgan,lmcgurgan7y@umn.edu,Female,244.177.151.230
288,Cherilyn,Leaney,cleaney7z@g.co,Female,55.221.228.15
289,Ike,Licquorish,ilicquorish80@wikipedia.org,Male,145.89.158.171
290,Kurt,Kinlock,kkinlock81@goo.gl,Male,141.221.152.93
291,Conan,Zealander,czealander82@marketwatch.com,Male,250.219.14.195
292,Euell,Marushak,emarushak83@wunderground.com,Male,189.76.146.75
293,Samuele,Caulwell,scaulwell84@mtv.com,Genderfluid,173.208.196.179
294,Shelby,Oxbury,soxbury85@webeden.co.uk,Male,16.94.10.116
295,Claus,Swiffen,cswiffen86@cargocollective.com,Male,229.84.133.145
296,Anatollo,Carey,acarey87@google.nl,Male,218.93.38.210
297,Brigitte,Scatchar,bscatchar88@skyrock.com,Agender,249.228.92.75
298,Beltran,Coultous,bcoultous89@ftc.gov,Agender,25.190.0.92
299,Whitney,Lansley,wlansley8a@wunderground.com,Agender,247.159.95.146
300,Allyson,Llywarch,allywarch8b@lulu.com,Non-binary,163.27.138.46
301,Reade,Stentiford,rstentiford8c@sohu.com,Male,123.245.247.212
302,Abelard,MacCallester,amaccallester8d@squarespace.com,Genderqueer,246.75.4.69
303,Brenden,Screwton,bscrewton8e@sfgate.com,Male,54.140.150.97
304,Torrie,Norcott,tnorcott8f@bloglines.com,Female,222.104.112.96
305,Valentin,Lanceter,vlanceter8g@ehow.com,Male,140.192.151.189
306,Dmitri,Graeme,dgraeme8h@moonfruit.com,Male,81.251.143.75
307,Hayley,Weekly,hweekly8i@bravesites.com,Female,78.126.182.154
308,Sula,Magwood,smagwood8j@harvard.edu,Agender,125.48.244.139
309,Ingeborg,Kenningham,ikenningham8k@photobucket.com,Female,65.57.79.10
310,Darya,Scryne,dscryne8l@nifty.com,Female,253.116.17.17
311,Sheryl,Readhead,sreadhead8m@histats.com,Female,59.0.102.216
312,Evania,McIlvenna,emcilvenna8n@hatena.ne.jp,Female,211.223.201.156
313,Micki,McCurt,mmccurt8o@forbes.com,Female,59.160.116.8
314,Drucy,Bussy,dbussy8p@utexas.edu,Female,92.66.4.212
315,Gizela,Jones,gjones8q@latimes.com,Non-binary,149.97.24.149
316,Alberta,Stirrup,astirrup8r@jigsy.com,Female,201.205.188.203
317,Spike,Brownlee,sbrownlee8s@joomla.org,Male,149.229.108.70
318,Zsa zsa,Ivashintsov,zivashintsov8t@nifty.com,Female,94.138.14.127
319,Auria,Johl,ajohl8u@auda.org.au,Female,110.164.14.219
320,Alphard,Gallihawk,agallihawk8v@blogger.com,Male,126.74.104.34
321,Correy,Bowyer,cbowyer8w@xrea.com,Male,212.43.60.245
322,Francklyn,Guidera,fguidera8x@tripadvisor.com,Male,178.18.155.107
323,Loydie,Tuma,ltuma8y@cloudflare.com,Male,195.215.123.42
324,Elliott,Kwiek,ekwiek8z@google.ca,Male,2.107.131.136
325,Bernardine,Gownge,bgownge90@virginia.edu,Female,249.39.202.9
326,Consalve,Harkin,charkin91@amazon.de,Male,86.239.39.91
327,Guinna,Cattonnet,gcattonnet92@addthis.com,Female,172.171.136.1
328,Allard,Scurrell,ascurrell93@blogtalkradio.com,Male,106.11.56.89
329,Vita,Lumly,vlumly94@nih.gov,Female,77.31.197.60
330,Birch,Lodford,blodford95@independent.co.uk,Male,53.178.34.4
331,Rosalinde,Laffin,rlaffin96@discovery.com,Female,216.57.209.226
332,Iver,Lace,ilace97@columbia.edu,Male,218.211.11.181
333,Buddy,Conan,bconan98@upenn.edu,Male,6.57.124.187
334,Clint,Huffer,chuffer99@slate.com,Male,127.254.95.104
335,Em,Budcock,ebudcock9a@illinois.edu,Male,134.196.143.198
336,Ursa,Huddles,uhuddles9b@thetimes.co.uk,Female,189.111.182.125
337,Glennis,Gaitley,ggaitley9c@intel.com,Female,27.134.18.70
338,Matthew,Coom,mcoom9d@gov.uk,Male,57.13.78.75
339,Whitman,Weddup,wweddup9e@sakura.ne.jp,Male,115.88.7.118
340,Glad,Grimbleby,ggrimbleby9f@yelp.com,Female,100.21.249.46
341,Maye,Bayliss,mbayliss9g@mediafire.com,Female,125.147.66.189
342,Joly,Goodyer,jgoodyer9h@wikimedia.org,Female,230.224.31.184
343,Orelee,Naisbitt,onaisbitt9i@salon.com,Female,203.65.3.43
344,Arlana,McCard,amccard9j@whitehouse.gov,Female,213.224.202.89
345,Irv,Woodman,iwoodman9k@loc.gov,Male,189.179.4.246
346,Cory,Pettendrich,cpettendrich9l@umich.edu,Female,125.189.116.77
347,Tiffy,Pigney,tpigney9m@facebook.com,Female,225.195.211.176
348,Missy,Cardello,mcardello9n@dropbox.com,Female,239.17.54.26
349,Davon,Quinlan,dquinlan9o@jigsy.com,Male,5.168.213.237
350,Thomasine,Riddeough,triddeough9p@accuweather.com,Non-binary,62.8.189.188
351,Donovan,Giffin,dgiffin9q@dedecms.com,Male,38.121.82.190
352,Elly,Frankland,efrankland9r@examiner.com,Female,170.74.156.49
353,Mata,McMurty,mmcmurty9s@tiny.cc,Polygender,92.120.208.83
354,Sophia,Clyde,sclyde9t@theatlantic.com,Female,133.246.88.194
355,Harrison,Bill,hbill9u@berkeley.edu,Male,160.119.74.158
356,Bobette,Martinot,bmartinot9v@nature.com,Female,61.193.36.10
357,Phillip,Kemmey,pkemmey9w@columbia.edu,Male,188.246.97.117
358,Terri,Vanetti,tvanetti9x@google.de,Female,165.89.248.53
359,Alasteir,Wills,awills9y@alibaba.com,Male,162.44.39.1
360,Scot,Goldhawk,sgoldhawk9z@nifty.com,Male,83.242.77.12
361,Bev,Newlands,bnewlandsa0@ocn.ne.jp,Female,127.8.253.158
362,Silvio,Stidson,sstidsona1@nbcnews.com,Male,72.73.85.53
363,Elianore,Reims,ereimsa2@nsw.gov.au,Female,18.50.121.153
364,Lucian,Vowells,lvowellsa3@godaddy.com,Male,29.71.143.196
365,Gawain,Ivanyushin,givanyushina4@scribd.com,Male,137.9.104.1
366,Cori,Tynnan,ctynnana5@ftc.gov,Male,162.229.144.238
367,Pasquale,Goater,pgoatera6@de.vu,Male,103.50.3.202
368,Had,Cresswell,hcresswella7@omniture.com,Male,226.213.193.155
369,Hayden,Waterdrinker,hwaterdrinkera8@twitter.com,Male,207.224.38.106
370,Dale,MacKintosh,dmackintosha9@apple.com,Female,86.157.237.211
371,Beverly,Northley,bnorthleyaa@tmall.com,Agender,182.79.64.155
372,Libby,O'Hallihane,lohallihaneab@mayoclinic.com,Female,18.58.114.179
373,Cyrille,Mullin,cmullinac@ihg.com,Male,144.235.220.118
374,Tobi,Bowdery,tbowderyad@slate.com,Female,212.228.189.174
375,Rebekah,Dunks,rdunksae@marketwatch.com,Female,47.174.151.10
376,Zorina,Rucklidge,zrucklidgeaf@who.int,Female,179.238.193.249
377,Northrop,Golling,ngollingag@ameblo.jp,Male,159.29.28.206
378,Gillie,Divisek,gdivisekah@baidu.com,Female,206.207.180.155
379,Marita,Gude,mgudeai@unicef.org,Genderqueer,102.5.97.224
380,Adair,Bresman,abresmanaj@drupal.org,Male,160.62.106.100
381,Edithe,Frounks,efrounksak@cnn.com,Female,83.218.240.184
382,Leelah,Gronw,lgronwal@home.pl,Female,114.246.125.128
383,Paul,Kingzeth,pkingzetham@storify.com,Male,231.34.100.89
384,Robb,Gokes,rgokesan@earthlink.net,Male,241.238.66.139
385,Noelani,Boulton,nboultonao@cisco.com,Female,74.71.114.85
386,Carolyne,Ecob,cecobap@yolasite.com,Female,13.41.210.22
387,Tiffie,Dryburgh,tdryburghaq@mac.com,Female,166.0.38.41
388,Alaric,Bagott,abagottar@uiuc.edu,Male,29.227.43.120
389,Alie,Grutchfield,agrutchfieldas@prweb.com,Female,238.244.99.97
390,Elmore,Winscomb,ewinscombat@fc2.com,Male,204.145.20.150
391,Nestor,Alejo,nalejoau@github.com,Male,36.25.248.67
392,Dniren,Beadham,dbeadhamav@google.es,Female,21.125.176.202
393,Sibbie,Florio,sflorioaw@nih.gov,Female,42.234.234.127
394,Alisa,Tomczynski,atomczynskiax@indiatimes.com,Female,102.168.55.131
395,Maridel,Woolhouse,mwoolhouseay@deviantart.com,Female,39.212.159.138
396,Tiena,Dmitriev,tdmitrievaz@dell.com,Female,74.131.24.164
397,Dody,Ellard,dellardb0@bbb.org,Female,86.22.47.104
398,Emiline,Healings,ehealingsb1@sogou.com,Female,66.113.203.85
399,Eduino,Burnitt,eburnittb2@unicef.org,Male,156.241.189.141
400,Gareth,Kobiela,gkobielab3@netvibes.com,Male,103.71.154.180
401,Benjie,Wieprecht,bwieprechtb4@wp.com,Male,3.92.253.139
402,Dulcia,Bennitt,dbennittb5@pinterest.com,Female,181.84.54.243
403,Lauren,Sharrier,lsharrierb6@cnbc.com,Male,8.167.204.186
404,Vale,Overland,voverlandb7@last.fm,Male,150.33.18.202
405,Gawen,Ashby,gashbyb8@howstuffworks.com,Male,87.140.194.194
406,Sherwood,Lorryman,slorrymanb9@imdb.com,Male,104.103.221.95
407,Englebert,Ebrall,eebrallba@instagram.com,Male,66.78.11.183
408,Remy,Rhoddie,rrhoddiebb@amazonaws.com,Female,81.240.35.39
409,Zebulon,Dodwell,zdodwellbc@dailymotion.com,Polygender,242.245.178.108
410,Leta,Jasper,ljasperbd@youku.com,Female,145.198.201.20
411,Revkah,Sherborn,rsherbornbe@msn.com,Female,51.59.109.45
412,Maureene,Welsh,mwelshbf@goo.ne.jp,Female,255.87.98.168
413,Sonia,Muzzullo,smuzzullobg@so-net.ne.jp,Genderfluid,106.64.152.92
414,Krishnah,Kinver,kkinverbh@japanpost.jp,Male,103.10.45.199
415,Domenico,Huison,dhuisonbi@ucoz.ru,Male,54.121.61.153
416,Cirilo,Iacoviello,ciacoviellobj@jigsy.com,Male,142.76.170.158
417,Nicolle,Dewes,ndewesbk@tamu.edu,Female,68.131.5.106
418,Jeremie,Bendare,jbendarebl@nydailynews.com,Male,255.85.72.20
419,Bidget,MacGibbon,bmacgibbonbm@europa.eu,Agender,98.198.16.78
420,Haley,Stallibrass,hstallibrassbn@mtv.com,Female,1.20.17.33
421,Aubree,Skippings,askippingsbo@printfriendly.com,Female,127.180.211.79
422,Dolf,Ruske,druskebp@slideshare.net,Male,173.253.173.147
423,Chery,Marritt,cmarrittbq@51.la,Female,220.38.92.243
424,Kym,Plante,kplantebr@ted.com,Female,15.223.39.94
425,Natividad,Bum,nbumbs@wufoo.com,Female,226.242.102.160
426,Fielding,Nestoruk,fnestorukbt@rambler.ru,Male,116.10.197.78
427,Pier,Hetterich,phetterichbu@cbslocal.com,Female,207.140.217.201
428,Else,Fitzackerley,efitzackerleybv@cafepress.com,Female,185.60.173.32
429,Sutherland,Fitch,sfitchbw@tinyurl.com,Male,209.191.200.80
430,Whitaker,Deamer,wdeamerbx@tumblr.com,Male,126.58.202.199
431,Russ,Ciccarelli,rciccarelliby@mapquest.com,Agender,156.254.65.114
432,Maurise,Buntine,mbuntinebz@bbb.org,Female,109.249.36.51
433,Cordy,Purcell,cpurcellc0@who.int,Male,142.146.25.64
434,Godart,Fibbens,gfibbensc1@google.ru,Male,18.44.26.131
435,Cyndy,Streeter,cstreeterc2@tmall.com,Female,40.122.72.92
436,Ester,Roglieri,eroglieric3@netscape.com,Female,176.213.71.190
437,Nadean,Carbry,ncarbryc4@geocities.jp,Female,59.120.183.163
438,Caryl,Auten,cautenc5@vinaora.com,Female,200.57.101.110
439,Lek,Oxford,loxfordc6@gravatar.com,Male,144.164.179.117
440,Brew,Stillwell,bstillwellc7@prlog.org,Male,232.34.237.177
441,Erminia,Howe,ehowec8@illinois.edu,Female,90.77.49.30
442,Sibelle,Snelson,ssnelsonc9@indiatimes.com,Female,9.156.163.224
443,Odey,Elia,oeliaca@macromedia.com,Male,59.67.35.164
444,Yves,Bossom,ybossomcb@apple.com,Male,131.97.41.14
445,Findley,Grisard,fgrisardcc@addtoany.com,Male,22.199.127.31
446,Claiborne,Filintsev,cfilintsevcd@examiner.com,Male,108.138.221.44
447,Harrison,Adhams,hadhamsce@tinypic.com,Male,138.206.76.107
448,Aleksandr,Gannan,agannancf@studiopress.com,Male,152.75.188.200
449,Kyle,Epinay,kepinaycg@baidu.com,Female,178.125.166.170
450,Frans,Challener,fchallenerch@squarespace.com,Polygender,148.85.240.56
451,Pet,Kunrad,pkunradci@jigsy.com,Female,104.46.209.45
452,Susette,Bondar,sbondarcj@jalbum.net,Female,22.79.106.246
453,Aleta,Copplestone,acopplestoneck@usa.gov,Genderqueer,247.156.13.65
454,Camila,Yarn,cyarncl@fc2.com,Female,197.55.91.54
455,Abba,Atwood,aatwoodcm@mapy.cz,Male,40.30.210.67
456,Graig,Bissett,gbissettcn@reverbnation.com,Male,142.23.224.111
457,Demetris,Palleske,dpalleskeco@wikia.com,Female,21.139.139.52
458,Davina,Snook,dsnookcp@rediff.com,Female,172.15.197.71
459,Branden,Cage,bcagecq@apple.com,Male,113.144.207.230
460,Desdemona,Mc-Kerley,dmckerleycr@shop-pro.jp,Female,218.243.233.137
461,Beckie,Normanville,bnormanvillecs@telegraph.co.uk,Female,232.112.28.94
462,Brinna,Skipton,bskiptonct@skyrock.com,Female,131.76.134.3
463,Frannie,Warner,fwarnercu@yahoo.com,Male,175.208.42.57
464,Lilias,De Blasio,ldeblasiocv@typepad.com,Agender,97.202.58.211
465,Kiel,Toplis,ktopliscw@sciencedaily.com,Male,72.34.124.251
466,Spike,Faux,sfauxcx@pen.io,Male,237.77.241.238
467,Tracie,Neller,tnellercy@ebay.com,Female,163.124.36.85
468,Barnaby,Yurukhin,byurukhincz@opera.com,Male,95.10.239.178
469,Adan,Tassell,atasselld0@blogs.com,Female,160.129.192.129
470,Eloise,Di Biasi,edibiasid1@wordpress.org,Female,91.68.41.158
471,Yorker,Sarfatti,ysarfattid2@ebay.co.uk,Male,141.69.32.211
472,Nappy,Hubback,nhubbackd3@slideshare.net,Male,223.33.61.192
473,Sonya,Jewkes,sjewkesd4@disqus.com,Female,204.79.130.6
474,Conny,Scardifeild,cscardifeildd5@vimeo.com,Male,177.250.173.14
475,Dianne,Coverley,dcoverleyd6@marketwatch.com,Female,218.88.13.14
476,Vincents,Hazell,vhazelld7@vimeo.com,Male,146.149.58.171
477,Fanchon,Bohlmann,fbohlmannd8@mit.edu,Female,88.69.121.235
478,Alisun,Adamek,aadamekd9@ihg.com,Female,185.97.228.35
479,Brunhilda,Murcott,bmurcottda@hatena.ne.jp,Female,255.35.245.120
480,Hercules,Greaves,hgreavesdb@infoseek.co.jp,Male,179.59.153.188
481,Yolande,Mosey,ymoseydc@creativecommons.org,Female,171.1.153.132
482,Marc,Loney,mloneydd@alibaba.com,Male,100.14.116.11
483,Winn,Trengrouse,wtrengrousede@about.com,Male,43.134.187.145
484,Ned,Ginglell,nginglelldf@state.tx.us,Male,25.247.236.44
485,Germaine,Bucklan,gbucklandg@java.com,Male,209.66.114.198
486,Hunter,Gilcrist,hgilcristdh@cnet.com,Genderfluid,224.202.242.220
487,Ellette,Kellington,ekellingtondi@washingtonpost.com,Female,231.107.149.188
488,Connie,Sowerbutts,csowerbuttsdj@netvibes.com,Female,27.15.45.4
489,Hester,Mahomet,hmahometdk@businessweek.com,Female,204.132.91.5
490,Joannes,Stratiff,jstratiffdl@ox.ac.uk,Female,136.188.74.130
491,Corinna,Margrie,cmargriedm@globo.com,Genderqueer,55.227.162.178
492,Englebert,Scola,escoladn@blogger.com,Male,114.208.220.248
493,Madge,Monnelly,mmonnellydo@fda.gov,Female,28.16.57.116
494,Giustina,Mulqueeny,gmulqueenydp@furl.net,Female,228.163.193.182
495,Eolande,Wailes,ewailesdq@exblog.jp,Female,170.10.136.72
496,Jennie,Lathleiffure,jlathleiffuredr@slideshare.net,Female,12.239.167.62
497,Lamont,Lepick,llepickds@independent.co.uk,Male,85.245.28.2
498,Colman,Clacey,cclaceydt@msu.edu,Male,111.47.236.164
499,Cash,Newsome,cnewsomedu@sfgate.com,Male,92.114.118.148
500,Vida,Simonel,vsimoneldv@com.com,Female,73.209.74.46
501,Kristien,Mutlow,kmutlowdw@dmoz.org,Female,99.26.252.172
502,Chrisse,Ferie,cferiedx@mail.ru,Male,106.108.253.58
503,Charlton,McGriffin,cmcgriffindy@tamu.edu,Male,60.174.15.104
504,Park,Montier,pmontierdz@mediafire.com,Male,115.57.46.136
505,Dunc,Doumic,ddoumice0@yellowbook.com,Agender,251.207.53.17
506,Yolane,Lowrance,ylowrancee1@yolasite.com,Female,54.191.134.167
507,Maxim,Pabel,mpabele2@kickstarter.com,Genderfluid,10.2.208.254
508,Yank,Buckleigh,ybuckleighe3@usa.gov,Male,54.112.155.32
509,Emilia,Thiolier,ethioliere4@yale.edu,Female,179.55.92.57
510,Neil,Postins,npostinse5@patch.com,Male,220.102.20.132
511,Trenna,Akers,takerse6@tripadvisor.com,Female,191.106.122.35
512,Mayne,Jensen,mjensene7@xing.com,Male,232.189.11.1
513,Joyous,Roughey,jrougheye8@studiopress.com,Female,42.9.82.197
514,Elston,Rickford,erickforde9@businessinsider.com,Male,122.169.136.186
515,Fulvia,O' Liddy,foliddyea@huffingtonpost.com,Female,60.3.117.34
516,Shawn,Espino,sespinoeb@over-blog.com,Bigender,153.177.21.238
517,Waylen,Kalvin,wkalvinec@wisc.edu,Male,97.94.242.214
518,Shermy,Burrage,sburrageed@wikia.com,Male,0.201.193.244
519,Elicia,Folshom,efolshomee@fotki.com,Female,235.243.2.60
520,Andrea,Coveley,acoveleyef@businessweek.com,Genderqueer,148.96.197.101
521,Kellsie,Whorlow,kwhorloweg@edublogs.org,Female,151.124.118.132
522,Glenn,Spadollini,gspadollinieh@google.it,Male,56.159.114.253
523,Estevan,Shimmin,eshimminei@cargocollective.com,Male,18.50.114.146
524,Brnaba,Spottswood,bspottswoodej@census.gov,Male,86.96.83.193
525,Bette-ann,Garrettson,bgarrettsonek@jalbum.net,Female,28.71.6.116
526,Carolyn,Biner,cbinerel@cornell.edu,Polygender,161.234.92.190
527,Wright,Brantzen,wbrantzenem@bloomberg.com,Male,163.198.166.148
528,Cicely,Kerkham,ckerkhamen@eventbrite.com,Female,84.80.52.142
529,Lezley,MacPhail,lmacphaileo@ocn.ne.jp,Male,220.143.89.22
530,Petey,Macconaghy,pmacconaghyep@jigsy.com,Male,72.210.192.68
531,Karee,Carnoghan,kcarnoghaneq@hao123.com,Female,190.229.105.138
532,Ingrim,Layman,ilaymaner@seesaa.net,Male,127.25.14.225
533,Aluin,Syddie,asyddiees@chron.com,Male,28.239.134.37
534,Dalli,Abramovicz,dabramoviczet@typepad.com,Male,171.183.89.90
535,Karoly,Vittle,kvittleeu@lycos.com,Male,172.164.5.3
536,Mabelle,Brellin,mbrellinev@delicious.com,Female,59.78.121.45
537,Claire,Vasilkov,cvasilkovew@purevolume.com,Genderfluid,236.20.201.4
538,Zacharias,Setchell,zsetchellex@reference.com,Male,176.11.210.65
539,Matteo,Grinaugh,mgrinaughey@google.co.uk,Male,163.122.247.105
540,Adi,Capelen,acapelenez@usatoday.com,Female,126.178.207.159
541,Guenna,Daniely,gdanielyf0@ucsd.edu,Genderqueer,201.106.136.16
542,Lovell,Simonyi,lsimonyif1@photobucket.com,Male,204.0.223.73
543,Melva,McNirlan,mmcnirlanf2@miitbeian.gov.cn,Female,40.0.17.20
544,Gerianna,Lindenfeld,glindenfeldf3@cornell.edu,Female,248.159.97.14
545,Kelcey,Sarchwell,ksarchwellf4@angelfire.com,Female,35.116.35.28
546,Blair,Raxworthy,braxworthyf5@deviantart.com,Male,9.213.191.103
547,Archibald,Tuddall,atuddallf6@epa.gov,Male,155.1.66.8
548,Catina,Fishley,cfishleyf7@yahoo.co.jp,Female,78.6.68.193
549,Jasun,Sidle,jsidlef8@hhs.gov,Male,125.210.34.77
550,Monroe,Manuelli,mmanuellif9@example.com,Male,83.114.70.51
551,Gale,Postles,gpostlesfa@narod.ru,Female,83.226.255.175
552,Ignatius,Trase,itrasefb@wsj.com,Male,88.113.213.163
553,Roddie,Oakden,roakdenfc@dagondesign.com,Genderfluid,67.136.149.239
554,Karon,Drinkel,kdrinkelfd@lulu.com,Female,61.228.159.159
555,Abbey,Simonnot,asimonnotfe@discovery.com,Male,9.209.236.4
556,Daron,Radden,draddenff@nsw.gov.au,Male,14.14.22.208
557,Daffie,Bortoletti,dbortolettifg@amazon.co.uk,Female,252.215.175.200
558,Elset,de Wilde,edewildefh@lycos.com,Female,126.4.80.38
559,Gena,Staddom,gstaddomfi@geocities.com,Female,108.8.102.40
560,Yvon,Phizackerly,yphizackerlyfj@youtu.be,Male,86.109.151.175
561,Mohandis,Bonass,mbonassfk@mysql.com,Male,147.248.138.3
562,Abdul,Showte,ashowtefl@hao123.com,Bigender,69.195.189.153
563,Cecily,Aitcheson,caitchesonfm@eepurl.com,Female,222.21.140.96
564,Lesly,Keetch,lkeetchfn@t.co,Female,255.119.249.39
565,Elsworth,Tomes,etomesfo@vimeo.com,Male,21.134.145.166
566,Caralie,Roseblade,crosebladefp@who.int,Female,51.116.15.217
567,Kanya,Tomaszczyk,ktomaszczykfq@google.com.au,Female,21.234.73.121
568,Bobbie,Harriskine,bharriskinefr@wordpress.com,Female,53.86.34.139
569,Tamas,Ervin,tervinfs@blinklist.com,Genderfluid,188.138.109.71
570,Darya,Somerlie,dsomerlieft@spiegel.de,Female,13.128.98.63
571,Zaria,Berrane,zberranefu@nhs.uk,Female,198.82.193.3
572,Aleksandr,Youings,ayouingsfv@wisc.edu,Genderfluid,103.240.81.23
573,Vern,Siggery,vsiggeryfw@ca.gov,Male,96.234.44.237
574,Jenny,Henrionot,jhenrionotfx@cnbc.com,Female,25.71.100.197
575,Avie,Penberthy,apenberthyfy@edublogs.org,Female,182.52.3.171
576,Brod,Joist,bjoistfz@globo.com,Male,41.182.8.13
577,Alvis,Winsome,awinsomeg0@wsj.com,Polygender,125.141.40.27
578,Shoshanna,Proudlove,sproudloveg1@slate.com,Female,50.172.197.141
579,Juditha,Gilligan,jgilligang2@ft.com,Female,127.174.38.200
580,Kasey,Hughman,khughmang3@people.com.cn,Female,190.54.112.6
581,Chevalier,Ramey,crameyg4@google.co.jp,Male,100.96.239.3
582,Cymbre,Kilfoyle,ckilfoyleg5@ameblo.jp,Genderqueer,154.60.165.202
583,Stacia,Micka,smickag6@yahoo.co.jp,Female,160.152.80.92
584,Ky,Batrick,kbatrickg7@deliciousdays.com,Male,123.234.179.6
585,Robyn,Thunnercliffe,rthunnercliffeg8@alibaba.com,Female,163.41.30.198
586,Kristofer,Tomkins,ktomkinsg9@sogou.com,Male,197.74.105.74
587,Way,Chugg,wchuggga@t-online.de,Male,107.222.157.40
588,Roselin,Kernaghan,rkernaghangb@seattletimes.com,Female,44.248.166.42
589,Rowney,Kilfeder,rkilfedergc@desdev.cn,Male,86.236.130.104
590,Uriah,Ciccoloi,uciccoloigd@salon.com,Male,174.175.101.29
591,Kati,Leheude,kleheudege@dropbox.com,Female,201.84.86.142
592,Gearalt,Lorenzin,glorenzingf@nps.gov,Male,42.10.159.84
593,Bret,Blampied,bblampiedgg@apple.com,Male,74.211.94.211
594,Ruthy,Bugdell,rbugdellgh@blinklist.com,Non-binary,177.167.147.37
595,Kathrine,Fernao,kfernaogi@europa.eu,Female,80.6.106.84
596,Lucila,Heibel,lheibelgj@google.com.hk,Female,167.73.45.115
597,Stanleigh,Dunning,sdunninggk@unc.edu,Male,66.255.102.63
598,Annice,Claypole,aclaypolegl@tinypic.com,Female,176.195.217.84
599,Boris,Penquet,bpenquetgm@intel.com,Male,43.15.12.0
600,Madelena,Cheetam,mcheetamgn@biglobe.ne.jp,Female,39.208.10.243
601,Anselma,Forrest,aforrestgo@biblegateway.com,Female,153.91.128.30
602,Danielle,Gallety,dgalletygp@purevolume.com,Female,229.77.167.163
603,Ebeneser,Eykelbosch,eeykelboschgq@icq.com,Male,50.77.186.172
604,Adriane,Uttley,auttleygr@homestead.com,Female,58.162.5.209
605,Nate,McLevie,nmcleviegs@canalblog.com,Bigender,229.3.171.75
606,Hyacinthie,Slite,hslitegt@bloomberg.com,Female,203.243.31.209
607,Opaline,Edger,oedgergu@w3.org,Female,173.216.238.177
608,Timmie,Brusle,tbruslegv@pagesperso-orange.fr,Bigender,182.220.6.206
609,Neysa,Thomelin,nthomelingw@alibaba.com,Female,85.129.115.230
610,Fielding,Gidden,fgiddengx@linkedin.com,Male,57.85.218.41
611,Jermaine,Abad,jabadgy@xing.com,Female,13.212.134.244
612,Jorgan,Yushmanov,jyushmanovgz@slideshare.net,Male,52.219.13.254
613,Imogene,Pickersgill,ipickersgillh0@typepad.com,Female,185.199.2.60
614,Merralee,Gonnet,mgonneth1@japanpost.jp,Female,19.255.252.239
615,Jenifer,Ancell,jancellh2@newyorker.com,Female,31.247.53.67
616,Zenia,Wigelsworth,zwigelsworthh3@slideshare.net,Female,93.153.32.207
617,Kev,Itscowicz,kitscowiczh4@soup.io,Male,123.238.112.192
618,Edgardo,Henrionot,ehenrionoth5@shinystat.com,Male,58.52.239.181
619,Filip,Alywin,falywinh6@businessinsider.com,Male,246.183.88.123
620,Fiorenze,Tidd,ftiddh7@netvibes.com,Female,116.153.169.32
621,Waldemar,Virr,wvirrh8@ted.com,Male,51.178.142.112
622,Judon,Casier,jcasierh9@unesco.org,Male,166.94.136.56
623,Walton,Jumont,wjumontha@printfriendly.com,Male,62.11.97.238
624,Lorne,Ghest,lghesthb@miitbeian.gov.cn,Female,105.27.165.184
625,Fidela,Ebbins,febbinshc@angelfire.com,Female,188.19.117.10
626,Rhodia,Jendricke,rjendrickehd@epa.gov,Female,100.231.157.160
627,Irina,Simpole,isimpolehe@yahoo.co.jp,Female,119.17.238.249
628,Ole,MacDunleavy,omacdunleavyhf@pagesperso-orange.fr,Male,234.73.210.186
629,Nigel,Philcott,nphilcotthg@pinterest.com,Agender,74.190.248.162
630,Dionisio,Trussler,dtrusslerhh@mit.edu,Male,192.173.204.129
631,Salli,Syrad,ssyradhi@cbc.ca,Female,43.19.58.191
632,Julissa,Folomin,jfolominhj@rediff.com,Female,117.192.222.134
633,Peyton,Pilmer,ppilmerhk@redcross.org,Male,132.124.181.243
634,Birk,Akers,bakershl@earthlink.net,Male,77.131.67.120
635,Cleve,Dollar,cdollarhm@goo.gl,Genderfluid,80.29.157.64
636,Sloane,Blunden,sblundenhn@meetup.com,Male,187.230.207.63
637,Frannie,Scowen,fscowenho@netscape.com,Female,99.140.148.164
638,Daffi,Halls,dhallshp@oaic.gov.au,Female,216.0.171.49
639,Artur,Brauninger,abrauningerhq@dropbox.com,Male,225.21.210.94
640,Shanan,Aizikovitz,saizikovitzhr@ucsd.edu,Male,113.243.171.175
641,Bonita,Georgelin,bgeorgelinhs@newyorker.com,Female,166.110.170.6
642,Fin,Dunsmuir,fdunsmuirht@imageshack.us,Male,232.186.152.18
643,Roze,Gozzett,rgozzetthu@over-blog.com,Female,176.249.145.188
644,Sophi,Botger,sbotgerhv@sun.com,Female,214.118.161.111
645,Artemus,McQuilliam,amcquilliamhw@diigo.com,Male,36.63.30.62
646,Elyn,Eastbrook,eeastbrookhx@icio.us,Female,124.205.167.159
647,Grady,Vasilchikov,gvasilchikovhy@dot.gov,Male,33.243.90.211
648,Edgar,Leyrroyd,eleyrroydhz@angelfire.com,Male,168.73.253.137
649,Konstance,Coughlin,kcoughlini0@baidu.com,Female,110.193.6.32
650,Brendin,Fairebrother,bfairebrotheri1@google.cn,Male,22.239.119.210
651,Cirstoforo,Orr,corri2@exblog.jp,Male,155.189.188.80
652,Koren,Stickins,kstickinsi3@smh.com.au,Female,121.138.37.153
653,Brittne,Belchamp,bbelchampi4@facebook.com,Female,76.243.33.5
654,Rivi,Ducarne,rducarnei5@craigslist.org,Agender,173.225.197.75
655,Doy,Dufoure,ddufourei6@hao123.com,Male,10.100.66.85
656,Cynthia,Mungham,cmunghami7@issuu.com,Female,85.52.9.56
657,Alis,O'Crigan,aocrigani8@wired.com,Female,183.151.114.57
658,Sarita,Gohn,sgohni9@tmall.com,Non-binary,231.38.8.101
659,Bevin,Fearneley,bfearneleyia@scribd.com,Male,245.157.49.38
660,Kandy,Da Costa,kdacostaib@multiply.com,Female,211.0.143.188
661,Rafaello,Fugere,rfugereic@vkontakte.ru,Male,18.255.165.168
662,Edna,Capell,ecapellid@w3.org,Female,57.153.194.148
663,Reube,Galton,rgaltonie@skyrock.com,Male,206.151.125.180
664,Maximilien,Phillip,mphillipif@utexas.edu,Male,29.50.249.229
665,Kari,Lawey,klaweyig@jimdo.com,Female,44.227.55.34
666,Ambrose,Merlin,amerlinih@npr.org,Male,60.180.82.30
667,Andrus,Elphinston,aelphinstonii@g.co,Male,32.202.14.93
668,Dex,Dinsale,ddinsaleij@ucsd.edu,Male,234.216.164.169
669,Essie,Cicerone,eciceroneik@symantec.com,Female,250.77.133.252
670,Wain,Driver,wdriveril@princeton.edu,Male,157.162.25.91
671,Tracy,Williams,twilliamsim@cnn.com,Non-binary,135.30.211.36
672,Hetty,Ginnally,hginnallyin@ucsd.edu,Female,151.161.169.201
673,Julio,Drewry,jdrewryio@japanpost.jp,Non-binary,82.136.105.213
674,Diane,Sey,dseyip@blogger.com,Female,108.45.143.161
675,Taber,Grahame,tgrahameiq@dmoz.org,Male,18.22.190.129
676,Leah,Rossoni,lrossoniir@dailymail.co.uk,Female,133.248.156.193
677,Cob,Richardes,crichardesis@google.com.hk,Male,136.45.216.3
678,Jaimie,Slym,jslymit@wunderground.com,Male,152.45.156.119
679,Fionna,Plane,fplaneiu@nature.com,Genderfluid,13.20.143.56
680,Phyllis,Wannes,pwannesiv@biglobe.ne.jp,Female,70.54.180.247
681,Rita,Scholey,rscholeyiw@nbcnews.com,Female,58.201.113.183
682,Laird,Gradley,lgradleyix@simplemachines.org,Genderfluid,116.206.224.98
683,Bar,Tubble,btubbleiy@github.io,Male,47.242.240.168
684,Ashlan,Mursell,amurselliz@gmpg.org,Female,58.77.203.193
685,Pierson,Simoneau,psimoneauj0@cmu.edu,Male,253.186.245.85
686,Patience,Tulleth,ptullethj1@uol.com.br,Female,167.143.215.220
687,Elita,Keling,ekelingj2@reference.com,Female,122.169.74.9
688,Freeman,Weond,fweondj3@aol.com,Non-binary,187.244.182.81
689,Johnath,Sheere,jsheerej4@symantec.com,Female,131.42.148.62
690,Jordanna,Leathwood,jleathwoodj5@ibm.com,Female,92.226.119.246
691,Leona,Adamiec,ladamiecj6@vkontakte.ru,Female,180.65.72.175
692,Ibbie,Singh,isinghj7@paypal.com,Female,108.75.205.79
693,Daniella,Coy,dcoyj8@twitpic.com,Female,226.192.57.162
694,Felita,Cantu,fcantuj9@wufoo.com,Polygender,109.90.235.105
695,Marcelia,Keppie,mkeppieja@macromedia.com,Female,183.54.139.109
696,Margarita,Larham,mlarhamjb@vimeo.com,Female,231.89.162.103
697,Vanna,Klimkiewich,vklimkiewichjc@gravatar.com,Female,26.148.110.239
698,Tessie,Reed,treedjd@springer.com,Female,221.166.220.22
699,Mae,Kemble,mkembleje@altervista.org,Female,57.246.99.216
700,Elmo,Gounet,egounetjf@sakura.ne.jp,Polygender,105.75.124.148
701,Philbert,Scardefield,pscardefieldjg@tinypic.com,Male,106.64.108.92
702,Gustaf,Wallwood,gwallwoodjh@ebay.co.uk,Male,174.140.82.234
703,Aldus,Shouler,ashoulerji@ycombinator.com,Male,91.80.228.29
704,Kienan,Darco,kdarcojj@hc360.com,Male,234.90.87.46
705,Lonna,Swale,lswalejk@google.ru,Female,46.143.62.151
706,Shelbi,Snelman,ssnelmanjl@webeden.co.uk,Female,89.183.130.93
707,Dill,McDougle,dmcdouglejm@blogtalkradio.com,Male,205.165.193.14
708,Diena,Clempton,dclemptonjn@cmu.edu,Female,18.123.104.246
709,Tab,Bedell,tbedelljo@reuters.com,Male,171.167.170.151
710,Currie,Eddis,ceddisjp@ask.com,Male,158.7.26.188
711,Grange,Keppy,gkeppyjq@1688.com,Male,253.141.163.243
712,Clyde,Goodenough,cgoodenoughjr@csmonitor.com,Male,31.94.28.32
713,Bonnibelle,Nerger,bnergerjs@senate.gov,Female,133.171.53.14
714,Robbie,Scheffler,rschefflerjt@skyrock.com,Female,129.120.178.247
715,Ericka,Zorzin,ezorzinju@cbsnews.com,Female,63.121.244.72
716,Colet,Brownsall,cbrownsalljv@tamu.edu,Male,172.26.165.212
717,Cinderella,Wipfler,cwipflerjw@about.com,Female,16.26.123.136
718,Conant,Strut,cstrutjx@opensource.org,Male,53.126.1.252
719,Zebadiah,Pinchback,zpinchbackjy@ca.gov,Genderqueer,110.140.34.254
720,Viki,Nore,vnorejz@ucla.edu,Female,20.16.7.172
721,Nate,Donke,ndonkek0@disqus.com,Male,174.89.109.169
722,Kania,Banbridge,kbanbridgek1@qq.com,Female,85.247.145.80
723,Johannes,Gorling,jgorlingk2@artisteer.com,Male,232.10.216.8
724,Alejandro,Mayhou,amayhouk3@usnews.com,Male,148.25.232.130
725,Nick,Gewer,ngewerk4@patch.com,Bigender,232.242.207.177
726,Ajay,Walsh,awalshk5@patch.com,Female,58.161.90.182
727,Rozanne,Millmore,rmillmorek6@ask.com,Female,236.52.96.145
728,Kahaleel,Allison,kallisonk7@fastcompany.com,Male,55.18.229.250
729,Sheena,Kelemen,skelemenk8@columbia.edu,Agender,248.80.137.5
730,Merrel,Corney,mcorneyk9@dedecms.com,Male,247.244.51.150
731,Shelby,Feehery,sfeeheryka@bing.com,Female,243.188.171.211
732,Wrennie,Vowdon,wvowdonkb@dailymail.co.uk,Agender,37.222.134.156
733,Ennis,Freestone,efreestonekc@xinhuanet.com,Male,139.92.121.208
734,Lucine,Emes,lemeskd@chicagotribune.com,Female,41.228.49.128
735,Margy,Copins,mcopinske@disqus.com,Female,55.47.165.154
736,Estel,Tearny,etearnykf@examiner.com,Female,202.91.125.173
737,Peirce,Rable,prablekg@google.ru,Male,74.74.135.8
738,Michale,Poland,mpolandkh@mayoclinic.com,Male,51.55.26.241
739,Carolina,Girodon,cgirodonki@github.com,Female,192.241.124.242
740,Veda,Mackrell,vmackrellkj@gov.uk,Female,237.136.111.80
741,Marcela,Calvert,mcalvertkk@fc2.com,Female,243.82.131.125
742,Roberto,Askey,raskeykl@cmu.edu,Male,27.152.26.17
743,Jennine,Dover,jdoverkm@comcast.net,Genderfluid,64.248.201.106
744,Cornie,Muldownie,cmuldowniekn@illinois.edu,Male,224.248.78.69
745,Vincenz,Gianolini,vgianoliniko@imgur.com,Male,198.221.249.136
746,Georgi,Empleton,gempletonkp@patch.com,Male,77.50.198.193
747,Peadar,Bagg,pbaggkq@last.fm,Male,218.111.79.134
748,Gus,Sails,gsailskr@msn.com,Female,245.74.210.164
749,Lorant,Jeffryes,ljeffryesks@shop-pro.jp,Male,50.74.46.233
750,Chuck,Czajka,cczajkakt@jugem.jp,Male,127.242.99.209
751,Blinnie,Daveley,bdaveleyku@addtoany.com,Female,187.47.118.146
752,Talya,Stubbeley,tstubbeleykv@godaddy.com,Female,254.11.237.212
753,Massimiliano,Smeeth,msmeethkw@odnoklassniki.ru,Polygender,42.150.224.211
754,Fanny,Newiss,fnewisskx@bloomberg.com,Female,20.102.82.71
755,Ann-marie,Brodway,abrodwayky@imageshack.us,Female,236.66.68.39
756,Daren,Fullwood,dfullwoodkz@networkadvertising.org,Male,126.80.224.158
757,Warde,Normaville,wnormavillel0@msn.com,Bigender,116.230.27.252
758,Wainwright,Simkovitz,wsimkovitzl1@dropbox.com,Male,222.19.254.108
759,Dee dee,Borrett,dborrettl2@arstechnica.com,Female,149.32.125.3
760,Sydelle,Tiller,stillerl3@omniture.com,Female,170.49.127.97
761,Alan,Fuzzens,afuzzensl4@apple.com,Male,45.180.170.88
762,Kent,Lavies,klaviesl5@foxnews.com,Male,25.124.91.148
763,Teresina,Checketts,tcheckettsl6@cam.ac.uk,Female,199.38.136.222
764,Patty,Kincaid,pkincaidl7@auda.org.au,Female,116.200.94.239
765,Oberon,Cahey,ocaheyl8@blinklist.com,Male,148.135.32.32
766,Bronny,Kyneton,bkynetonl9@google.nl,Male,110.150.188.3
767,Batholomew,Ragles,braglesla@epa.gov,Male,139.66.162.231
768,Chery,Scarce,cscarcelb@wp.com,Genderfluid,255.131.202.227
769,Alex,Boughtflower,aboughtflowerlc@unc.edu,Male,88.141.50.250
770,Rutherford,Matches,rmatchesld@illinois.edu,Male,131.162.154.191
771,John,Doran,jdoranle@xing.com,Male,217.159.115.244
772,Lesley,Bing,lbinglf@cnet.com,Male,242.159.55.148
773,Trixi,Billingsley,tbillingsleylg@blog.com,Female,93.107.143.130
774,Sibby,Sieghard,ssieghardlh@dagondesign.com,Female,172.193.94.144
775,Orv,Stritton,ostrittonli@chicagotribune.com,Male,6.183.148.15
776,Sileas,Gutch,sgutchlj@youtube.com,Genderqueer,168.15.104.147
777,Cordie,Southcott,csouthcottlk@zdnet.com,Male,77.110.93.225
778,Bibbie,Oehm,boehmll@ebay.co.uk,Female,134.86.88.249
779,Mozelle,Brocket,mbrocketlm@newsvine.com,Female,28.172.240.208
780,Salomi,Emmanuele,semmanueleln@freewebs.com,Female,219.195.169.11
781,Lisetta,McAdam,lmcadamlo@blogspot.com,Female,113.120.244.46
782,Eustace,Elfe,eelfelp@uol.com.br,Male,83.112.203.47
783,Elfrida,Cruikshank,ecruikshanklq@washingtonpost.com,Female,11.190.56.76
784,Kamillah,Clyburn,kclyburnlr@studiopress.com,Female,221.57.250.26
785,Edsel,Murname,emurnamels@stanford.edu,Male,116.199.211.176
786,Merry,Vaszoly,mvaszolylt@biglobe.ne.jp,Female,3.73.76.199
787,Rosabelle,Gemson,rgemsonlu@illinois.edu,Female,224.4.191.229
788,Virgil,Wauchope,vwauchopelv@samsung.com,Male,105.167.118.193
789,Waneta,Brotheridge,wbrotheridgelw@acquirethisname.com,Female,67.15.6.206
790,Garner,Peirce,gpeircelx@chicagotribune.com,Male,23.83.134.118
791,Cherianne,Kleinhandler,ckleinhandlerly@cdbaby.com,Female,243.196.112.3
792,Rubin,Karet,rkaretlz@telegraph.co.uk,Male,83.117.127.206
793,Alden,Tanzer,atanzerm0@jugem.jp,Male,198.77.117.254
794,Tabitha,Laidlow,tlaidlowm1@archive.org,Female,245.19.58.13
795,Ceciley,Capron,ccapronm2@bing.com,Female,72.207.212.213
796,Richardo,Carillo,rcarillom3@netlog.com,Male,1.77.249.27
797,Andonis,Dubber,adubberm4@blogtalkradio.com,Male,166.202.29.38
798,Laverna,Uzelli,luzellim5@bravesites.com,Female,190.104.70.255
799,Ardys,Naris,anarism6@discuz.net,Female,195.67.58.92
800,Renell,Philippart,rphilippartm7@1688.com,Female,151.151.59.191
801,Corene,Roggers,croggersm8@blogtalkradio.com,Female,27.59.162.15
802,York,Peepall,ypeepallm9@com.com,Male,243.123.6.35
803,Garrik,Diggin,gdigginma@miibeian.gov.cn,Male,158.147.41.244
804,Martina,Songust,msongustmb@uiuc.edu,Female,4.12.78.119
805,Brendin,Ashforth,bashforthmc@mapy.cz,Male,97.251.119.210
806,Saunders,Monelle,smonellemd@chronoengine.com,Bigender,202.226.119.174
807,Lauretta,Giddy,lgiddyme@diigo.com,Female,128.239.168.198
808,Staci,Le Ball,sleballmf@g.co,Female,165.106.123.165
809,Traci,Faichnie,tfaichniemg@clickbank.net,Female,164.243.166.75
810,Jilli,Van Son,jvansonmh@npr.org,Female,18.238.39.151
811,Rudyard,Glackin,rglackinmi@pinterest.com,Male,214.6.26.140
812,Amargo,Hancell,ahancellmj@last.fm,Female,205.78.248.193
813,Electra,Sprionghall,esprionghallmk@gizmodo.com,Female,192.69.167.44
814,Niven,Routham,nrouthamml@ycombinator.com,Male,238.72.81.157
815,Elie,Tichner,etichnermm@odnoklassniki.ru,Female,138.129.1.109
816,Grantham,Di Iorio,gdiioriomn@1688.com,Male,137.152.1.116
817,Jolene,Bewshaw,jbewshawmo@webeden.co.uk,Female,91.234.236.73
818,Mikol,Janota,mjanotamp@soundcloud.com,Male,83.253.250.32
819,Dilan,Pidgeley,dpidgeleymq@hibu.com,Male,121.33.19.76
820,Darbee,Chell,dchellmr@is.gd,Male,4.185.246.210
821,Nadean,Keynes,nkeynesms@google.fr,Female,176.253.117.233
822,Matthieu,Alfonsini,malfonsinimt@tuttocitta.it,Male,15.251.62.78
823,Bord,Klein,bkleinmu@mozilla.com,Male,167.9.37.25
824,Heall,Charity,hcharitymv@issuu.com,Male,84.244.124.28
825,Quillan,Vockings,qvockingsmw@wp.com,Male,199.100.187.136
826,Annemarie,Crosseland,acrosselandmx@yahoo.co.jp,Female,185.112.95.181
827,Husain,Blackham,hblackhammy@trellian.com,Male,42.155.76.50
828,Tyrus,Speedin,tspeedinmz@vk.com,Male,218.81.33.183
829,Gerladina,McLenahan,gmclenahann0@wired.com,Female,155.192.9.53
830,Gilberta,Fannon,gfannonn1@ifeng.com,Female,106.144.165.52
831,Casi,Wilbor,cwilborn2@google.ru,Female,49.43.92.133
832,Kippar,Spridgen,kspridgenn3@sphinn.com,Male,50.123.1.239
833,Ania,Drohane,adrohanen4@canalblog.com,Female,232.101.227.17
834,Zared,Dykins,zdykinsn5@cnbc.com,Male,15.5.212.207
835,Derwin,Whittleton,dwhittletonn6@biglobe.ne.jp,Male,172.32.3.132
836,Tawnya,McQuode,tmcquoden7@reddit.com,Female,204.152.155.75
837,Merle,Gavozzi,mgavozzin8@fc2.com,Male,188.80.100.247
838,Ondrea,Southers,osouthersn9@cam.ac.uk,Female,225.66.147.104
839,Wat,Bennison,wbennisonna@shareasale.com,Male,182.110.96.40
840,Ric,Risdall,rrisdallnb@360.cn,Male,189.14.3.189
841,Thorin,Dossetter,tdossetternc@mashable.com,Genderfluid,67.220.139.182
842,Mord,Winterbourne,mwinterbournend@homestead.com,Male,20.78.94.82
843,Denni,Doyle,ddoylene@google.pl,Female,67.28.82.82
844,Emmott,Gothard,egothardnf@boston.com,Male,77.152.234.163
845,Burg,Kivlehan,bkivlehanng@examiner.com,Genderfluid,188.150.111.75
846,Leesa,Cresar,lcresarnh@unesco.org,Female,42.57.12.161
847,Bo,Bankes,bbankesni@vistaprint.com,Male,71.24.98.124
848,Frances,Sharplin,fsharplinnj@dagondesign.com,Female,30.154.21.134
849,Wilmar,Cottier,wcottiernk@slashdot.org,Genderqueer,4.24.220.49
850,Ole,Busson,obussonnl@devhub.com,Male,156.120.181.233
851,Christye,Mastrantone,cmastrantonenm@blinklist.com,Female,16.63.4.192
852,Peterus,Landell,plandellnn@prweb.com,Male,252.42.247.202
853,Sauncho,Mogie,smogieno@earthlink.net,Male,225.228.249.222
854,Eddy,Benedite,ebeneditenp@lulu.com,Female,111.163.244.11
855,Normie,Capelle,ncapellenq@geocities.jp,Male,39.198.236.14
856,Bayard,Tweedle,btweedlenr@wikimedia.org,Male,93.6.132.33
857,Wilbert,Nolder,wnolderns@admin.ch,Male,202.40.99.33
858,Arlan,Colcomb,acolcombnt@wunderground.com,Male,60.13.228.246
859,Ludovika,Stitt,lstittnu@chron.com,Female,122.166.106.229
860,Katusha,Rysdale,krysdalenv@hp.com,Female,166.19.6.146
861,Dew,Di Filippo,ddifilipponw@domainmarket.com,Male,254.201.89.141
862,Kippy,Castagna,kcastagnanx@auda.org.au,Male,31.116.124.78
863,Hyacinth,Tisun,htisunny@europa.eu,Female,175.126.223.17
864,Deb,Craggs,dcraggsnz@shareasale.com,Genderfluid,35.97.167.197
865,Sherwynd,Gilhouley,sgilhouleyo0@jugem.jp,Male,61.11.202.85
866,Jania,Douthwaite,jdouthwaiteo1@skyrock.com,Female,22.172.190.127
867,Margi,Eldin,meldino2@wordpress.com,Female,162.243.62.234
868,Pembroke,Christian,pchristiano3@about.com,Male,23.64.157.239
869,Webster,Scotcher,wscotchero4@edublogs.org,Male,78.54.230.161
870,Adrien,Lamberth,alambertho5@hugedomains.com,Male,175.93.179.244
871,Gwenette,Thomason,gthomasono6@people.com.cn,Female,197.171.53.83
872,Raimundo,Pattesall,rpattesallo7@go.com,Male,246.12.189.159
873,Lorilee,Sutch,lsutcho8@altervista.org,Bigender,136.24.221.162
874,Dillie,Bellham,dbellhamo9@sbwire.com,Male,231.5.132.172
875,Vevay,Whisker,vwhiskeroa@cisco.com,Female,25.42.42.136
876,Gibb,Flann,gflannob@yelp.com,Male,238.154.168.103
877,Tressa,Selesnick,tselesnickoc@japanpost.jp,Female,72.1.174.187
878,Maddie,Tipton,mtiptonod@yahoo.co.jp,Male,4.32.198.246
879,Celie,Tuddall,ctuddalloe@nationalgeographic.com,Female,128.188.185.15
880,Mei,Whistlecroft,mwhistlecroftof@ftc.gov,Bigender,130.164.98.67
881,Pernell,Robker,probkerog@webmd.com,Male,254.20.190.218
882,Ingrim,Zanini,izaninioh@quantcast.com,Male,156.31.20.242
883,Syman,Rowdell,srowdelloi@tuttocitta.it,Male,183.11.235.200
884,Garey,Barme,gbarmeoj@issuu.com,Agender,65.181.132.215
885,Leeann,Olech,lolechok@mayoclinic.com,Agender,79.15.86.84
886,Harley,Vere,hvereol@dailymail.co.uk,Male,113.240.71.151
887,Shanon,Wortt,sworttom@meetup.com,Female,16.63.248.138
888,Cornie,Ranfield,cranfieldon@oakley.com,Agender,116.149.69.218
889,Eleonore,Gonsalvo,egonsalvooo@yale.edu,Female,171.163.160.93
890,Rafferty,Mc Caughan,rmccaughanop@nature.com,Male,105.193.92.63
891,Mildred,Depper,mdepperoq@huffingtonpost.com,Female,45.254.252.115
892,Gwen,Dusey,gduseyor@statcounter.com,Female,207.207.117.17
893,Mickey,Lathom,mlathomos@globo.com,Male,105.122.44.126
894,Lissie,Tasch,ltaschot@house.gov,Female,184.15.186.162
895,Estevan,Preene,epreeneou@redcross.org,Male,123.67.76.154
896,Francklyn,Woodstock,fwoodstockov@edublogs.org,Male,113.170.45.184
897,Granthem,Reynard,greynardow@a8.net,Male,254.66.55.247
898,Lorraine,Crecy,lcrecyox@illinois.edu,Female,102.65.255.16
899,Cale,Reihm,creihmoy@smugmug.com,Genderfluid,44.85.26.235
900,Gena,Shatliffe,gshatliffeoz@ucoz.com,Female,27.77.139.72
901,Franky,Panketh,fpankethp0@macromedia.com,Female,93.215.59.58
902,Frederic,Arnaez,farnaezp1@xing.com,Genderfluid,151.169.80.38
903,Solly,Huddy,shuddyp2@mysql.com,Male,246.19.66.228
904,Wye,Milby,wmilbyp3@mozilla.org,Male,123.75.204.118
905,Gaynor,Eltringham,geltringhamp4@go.com,Female,195.59.137.37
906,Jeannette,Marusic,jmarusicp5@upenn.edu,Non-binary,71.59.114.17
907,Sheena,Warn,swarnp6@elegantthemes.com,Female,18.21.150.227
908,Myrtice,Garnul,mgarnulp7@google.es,Female,243.34.61.170
909,Gaile,Pobjay,gpobjayp8@istockphoto.com,Male,93.174.154.114
910,Ruthie,Siggee,rsiggeep9@canalblog.com,Female,116.220.104.96
911,Josi,Skellorne,jskellornepa@zdnet.com,Female,88.45.38.153
912,Amil,Tollerton,atollertonpb@fc2.com,Female,252.99.90.104
913,Gabi,Moughtin,gmoughtinpc@eventbrite.com,Male,19.59.110.232
914,Silvan,Duffell,sduffellpd@jimdo.com,Male,88.126.216.43
915,Katharine,Ferrettino,kferrettinope@zdnet.com,Female,131.227.19.225
916,Isaac,Burkhill,iburkhillpf@wired.com,Male,4.51.31.88
917,Ebeneser,De Cleyne,edecleynepg@imgur.com,Male,168.247.105.64
918,Willy,Benzing,wbenzingph@businessinsider.com,Male,129.83.131.90
919,Markus,Collingwood,mcollingwoodpi@china.com.cn,Male,79.31.133.45
920,Rollie,Doll,rdollpj@sina.com.cn,Male,84.6.149.235
921,Bernardina,MacKay,bmackaypk@studiopress.com,Female,171.111.122.124
922,Marnia,Lougheed,mlougheedpl@ucsd.edu,Female,133.81.69.65
923,Kyrstin,Rowan,krowanpm@comsenz.com,Female,127.87.69.28
924,Juliane,Maggiore,jmaggiorepn@blogs.com,Female,45.109.254.192
925,Quintina,Dreakin,qdreakinpo@t.co,Female,164.72.190.69
926,Milo,Fuge,mfugepp@nasa.gov,Male,89.13.6.28
927,Candra,Odgers,codgerspq@sphinn.com,Female,159.218.105.0
928,Margaux,Geddis,mgeddispr@phpbb.com,Female,245.2.5.188
929,Florentia,Oxnam,foxnamps@about.com,Female,5.23.100.69
930,Edy,Neagle,eneaglept@shop-pro.jp,Female,218.158.47.98
931,Allayne,Horburgh,ahorburghpu@cbsnews.com,Male,101.244.135.65
932,Bear,Mardle,bmardlepv@washington.edu,Male,243.246.250.11
933,Thaxter,Jolliffe,tjolliffepw@lycos.com,Male,226.103.126.17
934,Amalia,Blanchflower,ablanchflowerpx@51.la,Female,4.176.96.59
935,Tresa,Kuhl,tkuhlpy@artisteer.com,Female,122.68.22.135
936,Regine,Kennington,rkenningtonpz@slashdot.org,Genderqueer,97.224.141.19
937,Hugibert,Powner,hpownerq0@blogs.com,Male,23.154.175.129
938,Josefa,Dodridge,jdodridgeq1@goodreads.com,Female,193.224.105.133
939,Esmeralda,Brauner,ebraunerq2@gmpg.org,Female,0.192.175.205
940,Ranee,Bellow,rbellowq3@canalblog.com,Female,90.190.198.138
941,Geralda,Launder,glaunderq4@berkeley.edu,Female,253.46.181.123
942,Bartholomeo,Harbidge,bharbidgeq5@goodreads.com,Male,173.128.239.192
943,Hobard,Kynsey,hkynseyq6@webnode.com,Male,139.234.70.114
944,Cinnamon,Gilburt,cgilburtq7@telegraph.co.uk,Female,159.186.80.74
945,Griffy,Tulloch,gtullochq8@toplist.cz,Male,56.150.114.250
946,Chrissy,Sultana,csultanaq9@ustream.tv,Female,130.160.215.146
947,Elinor,Smithson,esmithsonqa@infoseek.co.jp,Female,180.159.84.99
948,Brade,Spurnier,bspurnierqb@marriott.com,Male,77.124.51.170
949,Tessie,Burges,tburgesqc@booking.com,Female,182.202.223.17
950,Gregoire,Trenouth,gtrenouthqd@ovh.net,Male,152.208.22.130
951,Marilee,Habron,mhabronqe@globo.com,Female,3.157.12.79
952,Anne,Woodhall,awoodhallqf@xing.com,Genderqueer,175.170.198.211
953,Marlowe,Verney,mverneyqg@theglobeandmail.com,Male,67.57.18.35
954,Jameson,Caser,jcaserqh@1688.com,Male,177.197.26.10
955,Jean,De la Feld,jdelafeldqi@intel.com,Male,71.83.187.116
956,Dani,Scotchmore,dscotchmoreqj@ed.gov,Polygender,136.220.235.203
957,Markus,Cellier,mcellierqk@google.it,Male,111.62.129.9
958,Ailene,Jeens,ajeensql@symantec.com,Female,216.43.155.251
959,Petr,Greenan,pgreenanqm@hubpages.com,Male,95.90.70.25
960,Bess,Thomke,bthomkeqn@eventbrite.com,Female,242.21.226.132
961,Brooke,Camerana,bcameranaqo@cnn.com,Female,79.84.193.38
962,Stephen,Lauks,slauksqp@businessweek.com,Male,227.211.79.237
963,Dene,Maffei,dmaffeiqq@vimeo.com,Male,229.194.135.96
964,Galvan,Knott,gknottqr@cafepress.com,Male,72.203.205.79
965,Myranda,Dennington,mdenningtonqs@plala.or.jp,Female,23.93.139.133
966,Duke,Tilburn,dtilburnqt@time.com,Male,140.2.229.83
967,Solomon,Hamlyn,shamlynqu@weather.com,Male,81.91.36.177
968,Clarance,Poulgreen,cpoulgreenqv@webnode.com,Male,37.5.121.76
969,Jobina,Schmidt,jschmidtqw@github.com,Female,215.54.209.112
970,Marita,Belderson,mbeldersonqx@shinystat.com,Female,197.80.42.135
971,Nikos,Goldie,ngoldieqy@livejournal.com,Male,41.55.200.141
972,Ario,Gamage,agamageqz@myspace.com,Male,243.239.254.85
973,Dennet,Gabby,dgabbyr0@fda.gov,Male,254.240.207.94
974,Mercie,Seebert,mseebertr1@ezinearticles.com,Female,4.159.203.127
975,Boonie,Symondson,bsymondsonr2@howstuffworks.com,Genderqueer,172.232.81.143
976,Brendon,Friday,bfridayr3@usda.gov,Male,24.23.244.166
977,Rorie,Storrier,rstorrierr4@ca.gov,Female,212.46.67.16
978,Antonius,Mitcheson,amitchesonr5@lulu.com,Male,214.248.166.213
979,Yoko,De Angelis,ydeangelisr6@miitbeian.gov.cn,Female,66.245.56.119
980,Hazlett,Kegg,hkeggr7@cnet.com,Male,213.87.3.143
981,Tomaso,Bonifazio,tbonifazior8@fda.gov,Bigender,39.171.38.39
982,Mariska,Al Hirsi,malhirsir9@hibu.com,Female,64.245.88.219
983,Jaquith,Scoullar,jscoullarra@webnode.com,Female,54.65.194.199
984,Tanya,Sutcliff,tsutcliffrb@nationalgeographic.com,Female,226.188.220.47
985,Roderick,Wareham,rwarehamrc@boston.com,Male,253.197.2.18
986,Mattie,Beecroft,mbeecroftrd@timesonline.co.uk,Female,30.85.113.255
987,Andros,Woodwin,awoodwinre@umich.edu,Male,43.27.152.49
988,Arabela,Paramor,aparamorrf@mail.ru,Female,16.88.43.80
989,Tanitansy,Bygraves,tbygravesrg@cafepress.com,Female,105.151.228.65
990,Maritsa,Struss,mstrussrh@technorati.com,Female,8.170.145.41
991,Janis,Proswell,jproswellri@cisco.com,Female,138.124.213.134
992,Jerry,Drakard,jdrakardrj@creativecommons.org,Female,167.126.147.102
993,Pavlov,Edlin,pedlinrk@privacy.gov.au,Male,37.198.76.44
994,Marris,Hillan,mhillanrl@bbb.org,Female,141.251.1.82
995,Chandra,Mouton,cmoutonrm@eventbrite.com,Female,199.229.95.115
996,Mignon,Blodgetts,mblodgettsrn@angelfire.com,Female,90.12.162.76
997,Damian,Croal,dcroalro@gizmodo.com,Male,113.117.60.47
998,Christabella,Bilbrook,cbilbrookrp@4shared.com,Female,69.19.20.17
999,Gabey,Daborne,gdabornerq@livejournal.com,Female,38.171.73.62
1000,Saba,Pull,spullrr@cbsnews.com,Female,154.118.162.237
