id,first_name,last_name,email,gender,ip_address
1,Gene,Chiplin,gchiplin0@eepurl.com,Female,161.60.160.113
2,Egbert,Gammage,egammage1@bbc.co.uk,Male,159.117.209.72
3,Decca,Josephi,djosephi2@mit.edu,Male,32.6.24.175
4,Alanah,Huthart,ahuthart3@e-recht24.de,Female,87.112.31.102
5,Laurent,Pelfer,lpelfer4@go.com,Male,164.1.237.112
6,Vannie,Saipy,vsaipy5@salon.com,Female,220.162.21.201
7,Lanette,Trevithick,ltrevithick6@dot.gov,Female,33.24.138.41
8,Marta,Bowen,mbowen7@google.fr,Genderfluid,198.119.231.129
9,Flss,Tennock,ftennock8@sina.com.cn,Female,0.193.198.139
10,Beverie,Alanbrooke,balanbrooke9@engadget.com,Female,212.161.134.226
11,Neale,Brightie,nbrightiea@goo.gl,Male,64.144.201.243
12,Elwyn,De Brett,edebrettb@tmall.com,Male,39.238.119.214
13,Gearalt,Frankom,gfrankomc@opera.com,Male,118.82.74.13
14,Debor,Winfred,dwinfredd@webmd.com,Female,189.14.152.118
15,Caressa,De Santos,cdesantose@mashable.com,Female,249.122.116.225
16,Walliw,Shelton,wsheltonf@yellowpages.com,Female,85.25.108.24
17,Ave,Wrettum,awrettumg@squidoo.com,Male,106.216.172.11
18,Lezley,Pontefract,lpontefracth@craigslist.org,Male,18.40.117.229
19,Bendicty,Weth,bwethi@wikia.com,Male,246.187.142.125
20,Roderic,Tuckwell,rtuckwellj@merriam-webster.com,Male,188.112.30.73
21,Nevile,Dundredge,ndundredgek@imageshack.us,Non-binary,186.59.41.22
22,Sherill,Atwood,satwoodl@omniture.com,Female,54.223.228.51
23,Rab,Philipp,rphilippm@state.tx.us,Male,37.242.119.60
24,Faunie,Guiet,fguietn@trellian.com,Female,72.206.29.41
25,Sheridan,Sommerton,ssommertono@dion.ne.jp,Male,65.234.103.125
26,Marty,Domleo,mdomleop@businessinsider.com,Male,17.102.131.72
27,Calla,Oattes,coattesq@nps.gov,Female,90.196.82.144
28,Jamey,Kienlein,jkienleinr@lulu.com,Male,255.100.21.124
29,Riki,Abrahart,rabraharts@icq.com,Female,115.216.33.123
30,Wren,Ridge,wridget@utexas.edu,Female,208.120.141.189
31,Andie,Bulpitt,abulpittu@whitehouse.gov,Genderqueer,218.251.239.152
32,Claude,Hostan,chostanv@princeton.edu,Genderfluid,200.27.24.91
33,Petey,Mortel,pmortelw@devhub.com,Male,7.148.121.73
34,Liz,Bustard,lbustardx@aol.com,Female,164.218.0.225
35,Ines,Thurlby,ithurlbyy@sina.com.cn,Female,145.157.199.185
36,Deidre,Humpage,dhumpagez@businesswire.com,Female,204.91.132.192
37,Mick,Penrith,mpenrith10@telegraph.co.uk,Male,57.8.112.41
38,Sandy,Beahan,sbeahan11@loc.gov,Female,194.112.125.99
39,Bo,Brunel,bbrunel12@netscape.com,Bigender,45.241.38.252
40,Dominick,Ivantyev,divantyev13@clickbank.net,Male,62.164.106.202
41,Kary,Bedin,kbedin14@state.tx.us,Female,235.183.209.92
42,Pierette,Philippe,pphilippe15@bloglines.com,Female,111.31.92.122
43,Dorise,Baumadier,dbaumadier16@cbsnews.com,Genderfluid,140.104.143.6
44,Norman,Hafner,nhafner17@arizona.edu,Genderqueer,110.223.210.174
45,Peterus,Creaven,pcreaven18@imageshack.us,Male,208.47.33.190
46,Andros,Clayson,aclayson19@mozilla.com,Male,93.143.46.234
47,Jasen,France,jfrance1a@admin.ch,Male,73.152.70.236
48,Elmo,Perceval,eperceval1b@uol.com.br,Agender,90.37.24.155
49,Pansy,Golland,pgolland1c@google.ru,Female,124.69.131.191
50,Gates,Levesley,glevesley1d@theglobeandmail.com,Female,7.52.150.38
51,Fanni,Brymner,fbrymner1e@infoseek.co.jp,Female,195.85.34.78
52,Leoline,Brooking,lbrooking1f@wix.com,Female,49.29.1.36
53,Delinda,D'Ugo,ddugo1g@pagesperso-orange.fr,Female,188.110.167.123
54,Maurizia,Scad,mscad1h@gov.uk,Female,19.131.207.196
55,Abby,Wyer,awyer1i@fotki.com,Male,229.3.81.70
56,Artair,Dowey,adowey1j@storify.com,Male,74.193.22.235
57,Octavia,Meiklejohn,omeiklejohn1k@wunderground.com,Female,58.181.119.95
58,Cornie,Fishe,cfishe1l@spotify.com,Male,222.104.91.218
59,Forster,Alexander,falexander1m@drupal.org,Male,92.91.107.15
60,Porter,Illidge,pillidge1n@squarespace.com,Genderqueer,46.155.249.69
61,Luelle,Pollock,lpollock1o@weather.com,Female,108.166.213.129
62,Ahmed,Castells,acastells1p@nydailynews.com,Male,36.109.246.103
63,Brewster,Mc Carrick,bmccarrick1q@toplist.cz,Male,95.20.28.43
64,Rebbecca,Aindriu,raindriu1r@unc.edu,Non-binary,191.242.229.102
65,Marielle,Clampin,mclampin1s@scientificamerican.com,Female,214.220.69.69
66,Sol,Cowdroy,scowdroy1t@plala.or.jp,Male,126.102.209.104
67,Eleonora,Harbison,eharbison1u@blogs.com,Female,205.182.28.136
68,Dorie,Lethebridge,dlethebridge1v@google.ca,Male,127.3.19.176
69,Llywellyn,Dorset,ldorset1w@wsj.com,Male,132.175.7.57
70,Dallis,Mines,dmines1x@nasa.gov,Male,1.181.207.152
71,Shamus,Lawrance,slawrance1y@newsvine.com,Male,96.230.172.108
72,Nerti,De la Eglise,ndelaeglise1z@tmall.com,Female,111.178.179.42
73,Thorin,Bowra,tbowra20@dropbox.com,Male,48.195.107.127
74,Tully,Micheu,tmicheu21@bizjournals.com,Male,157.128.58.218
75,Cordy,Cheesworth,ccheesworth22@merriam-webster.com,Male,217.227.195.245
76,Dareen,Brimilcome,dbrimilcome23@booking.com,Female,31.150.0.47
77,Tildie,Browse,tbrowse24@nhs.uk,Female,255.66.109.249
78,Jason,Taberner,jtaberner25@aboutads.info,Male,176.82.57.111
79,Janifer,Keilloh,jkeilloh26@webmd.com,Female,36.212.245.127
80,Val,Perree,vperree27@cyberchimps.com,Female,246.107.101.30
81,Justino,Buttress,jbuttress28@zimbio.com,Male,15.27.246.178
82,Quincey,Quant,qquant29@cnbc.com,Male,74.184.49.137
83,Byrann,Dobinson,bdobinson2a@dedecms.com,Male,10.189.245.40
84,Audry,Bonanno,abonanno2b@scribd.com,Female,196.63.33.19
85,Egon,Bruyns,ebruyns2c@jugem.jp,Male,34.85.54.188
86,Clarette,Francie,cfrancie2d@reddit.com,Female,100.247.119.18
87,Ignacio,McWhan,imcwhan2e@answers.com,Male,48.205.231.51
88,Cherry,Malimoe,cmalimoe2f@oracle.com,Female,87.166.58.13
89,Fowler,Wheelband,fwheelband2g@google.com,Male,199.147.107.182
90,Reba,Shropsheir,rshropsheir2h@seattletimes.com,Female,154.203.122.208
91,Jaimie,Bearfoot,jbearfoot2i@exblog.jp,Female,113.32.107.208
92,Reidar,Boliver,rboliver2j@usa.gov,Male,138.130.91.159
93,Willi,Ianitti,wianitti2k@blinklist.com,Female,226.59.121.86
94,Shaun,Bolter,sbolter2l@etsy.com,Female,199.197.243.89
95,Loy,Hayman,lhayman2m@pcworld.com,Bigender,215.119.56.138
96,Wendye,Van der Spohr,wvanderspohr2n@telegraph.co.uk,Female,153.97.103.102
97,Kelcey,Challenger,kchallenger2o@51.la,Female,27.175.120.26
98,Antonia,Longhorne,alonghorne2p@altervista.org,Non-binary,26.245.189.51
99,Iorgos,Dwerryhouse,idwerryhouse2q@goo.ne.jp,Male,64.120.80.202
100,Balduin,MacCawley,bmaccawley2r@europa.eu,Male,79.72.106.30
101,Sherye,Golland,sgolland2s@eepurl.com,Agender,252.38.16.45
102,Wilhelmine,Koch,wkoch2t@washingtonpost.com,Female,9.63.61.193
103,Christian,Tafani,ctafani2u@mlb.com,Male,168.103.2.157
104,Ramsey,Dionisetto,rdionisetto2v@china.com.cn,Male,31.104.253.210
105,Jeremiah,Clausen,jclausen2w@nydailynews.com,Polygender,132.225.223.6
106,Gris,Mollin,gmollin2x@earthlink.net,Male,29.214.13.56
107,Forrest,Clewley,fclewley2y@multiply.com,Male,90.141.182.251
108,Obadias,Meardon,omeardon2z@vinaora.com,Male,234.227.43.156
109,Tracey,Stollenhof,tstollenhof30@bbc.co.uk,Polygender,198.125.50.92
110,Fiona,Harnetty,fharnetty31@instagram.com,Polygender,114.156.131.215
111,Lewiss,Worsalls,lworsalls32@paginegialle.it,Male,152.40.237.245
112,Lavinie,Yellowlees,lyellowlees33@archive.org,Female,75.60.2.177
113,Dillie,Fassum,dfassum34@pcworld.com,Male,12.106.90.56
114,Anders,Rubinowitz,arubinowitz35@weibo.com,Bigender,228.107.72.188
115,Elsi,Badsey,ebadsey36@rambler.ru,Female,30.142.117.237
116,Avrom,Gwioneth,agwioneth37@netvibes.com,Male,248.34.121.45
117,Madison,Rossey,mrossey38@tmall.com,Male,181.14.173.158
118,Uta,Godar,ugodar39@icq.com,Female,175.233.117.14
119,Tull,Clampton,tclampton3a@t-online.de,Male,215.137.81.59
120,Farlay,Collman,fcollman3b@slate.com,Male,47.216.182.225
121,Marleah,Coultas,mcoultas3c@smh.com.au,Bigender,86.160.15.196
122,Carolyne,Cocklie,ccocklie3d@thetimes.co.uk,Genderqueer,232.188.95.155
123,Paten,Beadnall,pbeadnall3e@csmonitor.com,Male,213.242.192.40
124,Danella,Gillet,dgillet3f@amazon.com,Female,208.21.25.14
125,Ulrika,Humbey,uhumbey3g@mozilla.org,Female,53.131.166.39
126,Gwyneth,Kedie,gkedie3h@google.cn,Female,215.143.45.16
127,Annabal,Sayes,asayes3i@elegantthemes.com,Female,162.112.225.117
128,Adi,Fullman,afullman3j@simplemachines.org,Female,76.44.251.177
129,Jehu,Giamo,jgiamo3k@dmoz.org,Male,176.7.136.121
130,Jeniffer,Pierucci,jpierucci3l@army.mil,Female,131.79.92.199
131,Ursuline,Sutterby,usutterby3m@utexas.edu,Female,131.79.30.151
132,Anne-corinne,Demangeon,ademangeon3n@discovery.com,Female,16.229.132.84
133,Arnold,Avramow,aavramow3o@cam.ac.uk,Genderfluid,93.197.188.128
134,Sanford,Blaszczyk,sblaszczyk3p@goodreads.com,Male,91.154.18.81
135,Chen,Michelotti,cmichelotti3q@twitter.com,Male,32.178.225.17
136,Gustavo,Durman,gdurman3r@goo.ne.jp,Male,51.88.176.214
137,Mano,Downer,mdowner3s@shareasale.com,Male,195.8.173.148
138,Dasi,Garthshore,dgarthshore3t@guardian.co.uk,Female,157.238.230.44
139,Trudy,Newby,tnewby3u@shareasale.com,Female,101.176.209.36
140,Emilie,Shakelady,eshakelady3v@dion.ne.jp,Agender,247.109.92.133
141,Papagena,Anderton,panderton3w@nhs.uk,Female,69.35.241.5
142,Salomon,Imloch,simloch3x@unesco.org,Male,112.145.231.186
143,Susette,Statefield,sstatefield3y@rediff.com,Female,108.207.72.246
144,Andras,Groom,agroom3z@cyberchimps.com,Male,201.204.114.10
145,Tab,Rubinsaft,trubinsaft40@instagram.com,Male,129.58.139.243
146,Bonnibelle,Hayselden,bhayselden41@wordpress.org,Female,11.21.163.3
147,Thurstan,Osichev,tosichev42@list-manage.com,Non-binary,140.103.157.189
148,Marys,Harnell,mharnell43@gizmodo.com,Female,14.227.169.59
149,Jaquenetta,Purdey,jpurdey44@domainmarket.com,Female,67.202.221.99
150,Brynn,Keaveny,bkeaveny45@artisteer.com,Female,26.128.217.50
151,Reginauld,Klink,rklink46@zimbio.com,Genderqueer,3.236.91.245
152,Salomon,Merriman,smerriman47@prweb.com,Male,47.40.162.72
153,Grayce,Giraldo,ggiraldo48@nps.gov,Female,117.136.151.15
154,Jamaal,Phoebe,jphoebe49@uiuc.edu,Male,166.154.213.7
155,Cheston,Gravatt,cgravatt4a@biglobe.ne.jp,Male,87.81.156.193
156,Juana,Drain,jdrain4b@narod.ru,Female,136.240.124.116
157,Dorotea,Fearby,dfearby4c@hugedomains.com,Female,244.9.205.115
158,Melantha,Redrup,mredrup4d@amazon.de,Female,210.184.20.221
159,Vonnie,Bereford,vbereford4e@parallels.com,Female,2.10.193.104
160,Maurits,Domleo,mdomleo4f@marriott.com,Male,233.105.146.55
161,Jacki,Beazer,jbeazer4g@tinyurl.com,Female,98.105.19.7
162,Averil,Humerstone,ahumerstone4h@exblog.jp,Female,208.237.139.71
163,Hughie,Bricknall,hbricknall4i@yahoo.com,Male,107.134.192.103
164,Tedie,Lambal,tlambal4j@infoseek.co.jp,Male,233.255.136.253
165,Keen,Flanne,kflanne4k@nasa.gov,Male,177.232.213.115
166,Rochell,Bigland,rbigland4l@engadget.com,Female,40.108.172.218
167,Juli,Dehn,jdehn4m@rambler.ru,Female,63.159.206.80
168,Jeanna,Signorelli,jsignorelli4n@macromedia.com,Female,206.92.130.190
169,Leese,Capponeer,lcapponeer4o@goodreads.com,Female,233.142.198.63
170,Timmy,Plumridege,tplumridege4p@gizmodo.com,Female,110.55.156.243
171,Myrna,Skase,mskase4q@hostgator.com,Female,175.209.176.210
172,Berkeley,Leavold,bleavold4r@sitemeter.com,Male,2.235.158.81
173,Hortensia,Dunbabin,hdunbabin4s@europa.eu,Female,206.50.228.154
174,Grethel,De Ruel,gderuel4t@opera.com,Female,98.113.77.99
175,Darwin,Valett,dvalett4u@constantcontact.com,Male,251.90.245.168
176,Harlen,Issit,hissit4v@google.com.au,Male,186.227.123.97
177,Reinaldo,Ripsher,rripsher4w@theguardian.com,Male,97.254.85.158
178,Hastings,Aimer,haimer4x@latimes.com,Male,126.206.196.195
179,Maryl,Mannie,mmannie4y@histats.com,Non-binary,12.184.151.159
180,Torrin,Ninnotti,tninnotti4z@xinhuanet.com,Male,75.167.123.225
181,Derward,Giacobini,dgiacobini50@webs.com,Male,181.221.99.110
182,Brice,Southon,bsouthon51@netlog.com,Male,32.90.122.16
183,Dyane,Gimeno,dgimeno52@webnode.com,Female,80.86.195.149
184,Rex,Lammerich,rlammerich53@usa.gov,Male,135.97.207.186
185,Edin,Whenham,ewhenham54@amazonaws.com,Female,53.113.187.123
186,Flss,Priscott,fpriscott55@ed.gov,Female,115.119.201.92
187,Hilary,Jansie,hjansie56@about.com,Female,147.60.146.89
188,Padraig,McLanaghan,pmclanaghan57@bloglines.com,Male,29.66.35.134
189,Giana,Halloran,ghalloran58@netvibes.com,Female,198.10.44.185
190,Reine,Ditch,rditch59@homestead.com,Female,168.136.114.131
191,Lonna,Tickel,ltickel5a@chronoengine.com,Bigender,226.121.196.228
192,Tisha,Haskett,thaskett5b@qq.com,Female,60.151.244.85
193,Chalmers,Laughtisse,claughtisse5c@comcast.net,Male,130.23.38.210
194,Filmer,Warwicker,fwarwicker5d@usa.gov,Male,195.87.76.62
195,Martelle,Maddy,mmaddy5e@scientificamerican.com,Genderfluid,60.219.252.227
196,Ware,Hatherall,whatherall5f@chicagotribune.com,Male,65.1.138.107
197,Valentin,McKeowon,vmckeowon5g@slate.com,Male,240.33.240.127
198,Karee,Yanuk,kyanuk5h@angelfire.com,Female,131.14.0.232
199,Agnesse,Kennon,akennon5i@icio.us,Female,84.193.125.188
200,Ferdinand,Meachem,fmeachem5j@nydailynews.com,Male,47.229.252.190
201,Ara,Halms,ahalms5k@bloglines.com,Polygender,122.139.43.67
202,Valaree,Gwyther,vgwyther5l@sohu.com,Female,116.194.83.172
203,Martainn,Dincke,mdincke5m@vinaora.com,Male,106.174.143.170
204,Daryl,Tremethack,dtremethack5n@dion.ne.jp,Male,23.70.235.119
205,Tommy,Clemas,tclemas5o@pbs.org,Female,214.110.248.198
206,Sharity,Cowden,scowden5p@smugmug.com,Female,235.216.109.110
207,Englebert,Somner,esomner5q@multiply.com,Male,91.72.216.128
208,Annice,Dan,adan5r@webnode.com,Female,202.108.211.192
209,Hilliary,Cleyne,hcleyne5s@wix.com,Female,167.147.170.173
210,Ricca,Aleksashin,raleksashin5t@netvibes.com,Female,207.123.69.63
211,Nerti,Freeborne,nfreeborne5u@marriott.com,Female,197.115.145.161
212,Zaccaria,McGauhy,zmcgauhy5v@illinois.edu,Male,150.42.168.247
213,Margo,Rowland,mrowland5w@e-recht24.de,Female,113.118.224.121
214,Molli,Keuneke,mkeuneke5x@ca.gov,Female,194.29.30.113
215,Jose,Dymick,jdymick5y@fc2.com,Male,95.52.176.68
216,Devy,Ellsom,dellsom5z@soup.io,Male,215.108.215.29
217,Ardys,Palley,apalley60@rakuten.co.jp,Bigender,189.135.248.59
218,Janina,Lumly,jlumly61@mit.edu,Polygender,126.168.119.242
219,Anny,Fenny,afenny62@de.vu,Female,215.177.94.73
220,Sebastiano,Attril,sattril63@quantcast.com,Bigender,21.90.120.41
221,Rebe,Strachan,rstrachan64@japanpost.jp,Female,181.226.200.122
222,Jaquith,Eastcott,jeastcott65@twitpic.com,Female,92.101.54.139
223,Bayard,Brassington,bbrassington66@wikia.com,Male,118.147.187.173
224,Robinson,Haxley,rhaxley67@mail.ru,Male,80.48.220.140
225,Wells,Skehan,wskehan68@google.com,Male,193.30.157.160
226,Allie,Friedlos,afriedlos69@issuu.com,Male,192.242.19.155
227,Gilbertina,Addeycott,gaddeycott6a@columbia.edu,Female,65.253.192.168
228,Johanna,Maccaddie,jmaccaddie6b@google.com.br,Female,131.25.174.76
229,Laurens,Lapley,llapley6c@addtoany.com,Male,117.69.96.51
230,Tonya,Rockhall,trockhall6d@tamu.edu,Female,219.87.145.230
231,Arlie,Josifovitz,ajosifovitz6e@ezinearticles.com,Agender,49.187.151.149
232,Ara,Crumpe,acrumpe6f@xrea.com,Male,108.131.182.240
233,Waylen,Kenshole,wkenshole6g@flickr.com,Male,16.96.144.28
234,Colene,Klimkin,cklimkin6h@about.com,Female,152.134.57.179
235,Andrea,Tanner,atanner6i@so-net.ne.jp,Female,167.159.29.66
236,Andreana,Pughsley,apughsley6j@unc.edu,Female,99.28.233.174
237,Barnard,Ackroyd,backroyd6k@ifeng.com,Male,145.14.238.147
238,Aurora,Crispe,acrispe6l@usnews.com,Female,13.8.26.57
239,Monro,Kennon,mkennon6m@cnet.com,Male,23.44.130.102
240,Northrop,Dew,ndew6n@whitehouse.gov,Genderqueer,232.44.182.22
241,Aron,Winterscale,awinterscale6o@t.co,Male,170.179.74.62
242,Ernie,McCoole,emccoole6p@delicious.com,Male,64.112.80.93
243,Mae,Shilstone,mshilstone6q@japanpost.jp,Female,52.187.220.117
244,Justen,McWard,jmcward6r@boston.com,Male,49.64.196.157
245,Donielle,Povele,dpovele6s@sourceforge.net,Female,83.155.79.76
246,Collen,Lorden,clorden6t@elegantthemes.com,Female,230.252.202.201
247,Alma,Billin,abillin6u@vistaprint.com,Female,232.215.24.156
248,Tracey,Cavie,tcavie6v@cornell.edu,Female,203.138.98.219
249,Frants,Blunderfield,fblunderfield6w@sciencedaily.com,Male,71.122.18.201
250,Lucais,Marriage,lmarriage6x@opera.com,Male,186.16.211.72
251,Gaven,Dewdney,gdewdney6y@tumblr.com,Non-binary,178.152.201.20
252,Chad,Northcote,cnorthcote6z@columbia.edu,Bigender,66.230.169.8
253,Cristionna,Insoll,cinsoll70@netvibes.com,Female,141.103.119.227
254,Lexie,Brenneke,lbrenneke71@wikia.com,Female,209.224.37.114
255,Armand,Grishakov,agrishakov72@squidoo.com,Male,62.216.86.230
256,April,Giottoi,agiottoi73@meetup.com,Female,11.110.96.23
257,Tudor,Chitham,tchitham74@java.com,Male,30.226.101.44
258,Sargent,Jocelyn,sjocelyn75@over-blog.com,Male,156.41.49.252
259,Meryl,Glendining,mglendining76@wunderground.com,Non-binary,139.48.99.20
260,Karoline,Tidbold,ktidbold77@mozilla.com,Female,71.10.90.18
261,Laurie,Hankard,lhankard78@github.com,Female,61.243.240.49
262,Cirstoforo,Cossons,ccossons79@economist.com,Male,142.181.84.32
263,Noland,Wegenen,nwegenen7a@gizmodo.com,Male,14.3.121.175
264,Mischa,McKeown,mmckeown7b@gnu.org,Genderqueer,201.243.123.213
265,Fonzie,Crowthe,fcrowthe7c@home.pl,Male,234.107.187.113
266,Eloise,Marquand,emarquand7d@sourceforge.net,Female,175.81.112.45
267,Mohammed,Polack,mpolack7e@hud.gov,Male,40.79.139.227
268,Frederigo,Dewi,fdewi7f@mapquest.com,Male,216.43.133.202
269,Stephenie,Elgram,selgram7g@apple.com,Female,220.33.86.200
270,Pete,Povall,ppovall7h@techcrunch.com,Male,39.57.108.235
271,Prue,Smieton,psmieton7i@wired.com,Female,101.41.129.243
272,Kelley,Casier,kcasier7j@jigsy.com,Female,147.73.208.212
273,Bonni,Colliard,bcolliard7k@baidu.com,Female,101.6.44.89
274,Berkley,McLaren,bmclaren7l@ning.com,Male,245.179.249.165
275,Bartlett,Spatig,bspatig7m@tuttocitta.it,Polygender,101.194.170.137
276,Carmina,Moogan,cmoogan7n@mac.com,Genderfluid,116.178.129.222
277,Rustin,Duke,rduke7o@ihg.com,Male,41.118.64.112
278,Hernando,Jenno,hjenno7p@wunderground.com,Male,189.204.51.203
279,Filide,Crowthe,fcrowthe7q@engadget.com,Bigender,110.62.98.121
280,Billye,Burner,bburner7r@feedburner.com,Female,199.156.134.239
281,Neel,Groomebridge,ngroomebridge7s@who.int,Male,118.221.185.170
282,Minor,Petrina,mpetrina7t@rambler.ru,Bigender,255.86.71.21
283,Margery,Wortt,mwortt7u@tinypic.com,Genderqueer,213.66.216.202
284,Germaine,Steane,gsteane7v@php.net,Female,33.72.31.107
285,Phip,Iliffe,piliffe7w@bbb.org,Male,67.169.30.139
286,Chase,Vondra,cvondra7x@ning.com,Genderfluid,37.105.191.64
287,Dawn,Maguire,dmaguire7y@huffingtonpost.com,Female,179.77.118.219
288,Elora,Fullager,efullager7z@walmart.com,Female,199.182.7.78
289,Hiram,Sanchis,hsanchis80@opensource.org,Male,198.88.126.43
290,Enrique,Penright,epenright81@scribd.com,Genderfluid,54.170.0.158
291,Kellia,Dumper,kdumper82@weibo.com,Female,53.38.208.112
292,Haley,Parrish,hparrish83@addtoany.com,Male,64.21.127.181
293,Demott,Waldock,dwaldock84@psu.edu,Male,240.35.146.212
294,D'arcy,Dowrey,ddowrey85@rakuten.co.jp,Male,30.107.241.99
295,Morgun,Cawood,mcawood86@qq.com,Male,45.139.97.242
296,Bryant,Joskovitch,bjoskovitch87@twitter.com,Male,236.84.91.97
297,Ernesto,Polon,epolon88@friendfeed.com,Male,229.202.199.165
298,Elset,Pachta,epachta89@bravesites.com,Bigender,77.223.135.56
299,Elspeth,Tregent,etregent8a@hibu.com,Female,47.222.231.47
300,Hernando,Proback,hproback8b@istockphoto.com,Male,48.40.79.212
301,Henrie,Sturman,hsturman8c@weather.com,Female,118.233.135.153
302,Royce,Glason,rglason8d@cnet.com,Male,216.181.162.131
303,Licha,Hanway,lhanway8e@youku.com,Female,16.2.139.57
304,Cyrille,Lundon,clundon8f@spiegel.de,Male,112.83.80.140
305,Siffre,Rands,srands8g@netscape.com,Male,234.183.204.240
306,Tiphani,Wingfield,twingfield8h@quantcast.com,Female,236.208.40.184
307,Curry,Tolfrey,ctolfrey8i@mapquest.com,Male,11.164.8.41
308,Junette,Loisi,jloisi8j@walmart.com,Female,155.96.210.10
309,Audrey,De Roos,aderoos8k@constantcontact.com,Female,97.194.97.7
310,Budd,Welds,bwelds8l@admin.ch,Male,233.97.247.138
311,Ches,Dodell,cdodell8m@cornell.edu,Male,179.236.247.18
312,Torry,Lefeuvre,tlefeuvre8n@spotify.com,Male,50.60.172.38
313,Nat,Kinver,nkinver8o@stumbleupon.com,Female,9.237.187.230
314,Anthia,Birckmann,abirckmann8p@bravesites.com,Female,246.177.97.198
315,Celestine,Habbeshaw,chabbeshaw8q@theglobeandmail.com,Female,173.212.223.131
316,Faydra,Wesgate,fwesgate8r@hud.gov,Female,62.108.8.72
317,Chrysler,Wilks,cwilks8s@boston.com,Female,101.242.163.45
318,Doy,Phinn,dphinn8t@cdbaby.com,Male,207.56.22.237
319,Hermann,Donegan,hdonegan8u@springer.com,Male,111.13.240.179
320,Luise,Whitby,lwhitby8v@dyndns.org,Female,215.25.153.149
321,Natal,Form,nform8w@ucla.edu,Male,26.159.25.173
322,Jarad,Cashford,jcashford8x@mayoclinic.com,Bigender,240.99.94.17
323,Fabian,Bulward,fbulward8y@ocn.ne.jp,Male,105.120.97.37
324,Philbert,Raggatt,praggatt8z@gravatar.com,Male,145.130.207.40
325,Dall,Jewer,djewer90@1688.com,Male,144.6.109.188
326,Lacee,Tripon,ltripon91@bloglovin.com,Female,21.136.63.77
327,Lauren,Bramah,lbramah92@cdc.gov,Male,113.100.106.92
328,Decca,Dearnley,ddearnley93@cnn.com,Male,133.15.122.170
329,Chiquia,Plumptre,cplumptre94@sphinn.com,Female,181.21.84.33
330,Ferris,MacNab,fmacnab95@example.com,Male,77.120.195.253
331,Tammie,Child,tchild96@msu.edu,Female,236.89.82.226
332,Brok,Durban,bdurban97@cocolog-nifty.com,Male,164.88.23.68
333,Reeta,Rickardes,rrickardes98@dailymail.co.uk,Female,71.195.222.140
334,Jazmin,Lorroway,jlorroway99@pbs.org,Female,142.224.71.244
335,Mahmoud,Rickersey,mrickersey9a@w3.org,Male,70.243.126.171
336,Jeth,Kennicott,jkennicott9b@taobao.com,Genderqueer,213.217.215.2
337,Catarina,Oldmeadow,coldmeadow9c@hhs.gov,Female,58.50.88.228
338,Eduard,Plaskett,eplaskett9d@plala.or.jp,Male,28.241.185.137
339,Gayla,Bettley,gbettley9e@chronoengine.com,Female,97.163.144.115
340,Essie,Quenby,equenby9f@plala.or.jp,Female,221.55.154.234
341,Krystalle,Berrigan,kberrigan9g@state.gov,Female,160.239.233.197
342,Hadley,Lamlin,hlamlin9h@rakuten.co.jp,Male,92.201.245.35
343,Bing,Maseyk,bmaseyk9i@dedecms.com,Male,202.177.245.255
344,Charmaine,Poley,cpoley9j@51.la,Female,2.10.251.118
345,Cazzie,Gozney,cgozney9k@slate.com,Male,44.5.202.51
346,Fara,Birkenhead,fbirkenhead9l@last.fm,Female,191.169.218.254
347,Rasia,Twidell,rtwidell9m@statcounter.com,Female,183.3.157.98
348,Donna,Gussin,dgussin9n@facebook.com,Female,181.197.16.64
349,Malinde,Batie,mbatie9o@yellowpages.com,Genderfluid,71.227.85.6
350,Silvio,Sayes,ssayes9p@economist.com,Male,70.189.98.7
351,Abbey,O'Donohue,aodonohue9q@ask.com,Agender,203.120.111.110
352,Anastasia,Rodder,arodder9r@sohu.com,Female,35.107.67.174
353,Aryn,Aujean,aaujean9s@about.me,Female,239.240.139.203
354,Madlen,McGragh,mmcgragh9t@oracle.com,Female,34.225.149.116
355,Washington,Clymer,wclymer9u@independent.co.uk,Male,43.248.70.77
356,Merna,Betancourt,mbetancourt9v@princeton.edu,Agender,154.221.8.230
357,Madge,Marchelli,mmarchelli9w@jigsy.com,Female,160.181.22.101
358,Saidee,Domleo,sdomleo9x@dedecms.com,Female,21.67.197.165
359,Arlinda,Diche,adiche9y@psu.edu,Female,249.89.247.112
360,Mady,Fosdyke,mfosdyke9z@apache.org,Female,144.2.51.126
361,Arvy,Josey,ajoseya0@msn.com,Male,62.9.243.68
362,Bard,Crown,bcrowna1@hud.gov,Male,67.163.229.151
363,Alexander,Screwton,ascrewtona2@quantcast.com,Male,220.171.230.197
364,Thornton,Bredgeland,tbredgelanda3@nature.com,Genderfluid,39.19.92.223
365,Karla,McTrustey,kmctrusteya4@army.mil,Female,207.6.209.89
366,Kendell,Wayt,kwayta5@mashable.com,Male,184.62.134.184
367,Robinet,Whitelaw,rwhitelawa6@people.com.cn,Male,100.92.37.215
368,George,Gookes,ggookesa7@sun.com,Male,202.115.57.36
369,Margarette,Meron,mmerona8@gnu.org,Female,109.184.76.172
370,Gale,Staziker,gstazikera9@auda.org.au,Female,237.237.239.232
371,Anton,Pate,apateaa@army.mil,Male,82.134.29.33
372,Gannon,Dumphry,gdumphryab@360.cn,Genderfluid,25.109.41.170
373,Alissa,Miettinen,amiettinenac@yellowpages.com,Female,171.224.253.20
374,Florian,Rattray,frattrayad@163.com,Male,244.175.234.204
375,Rollie,Massy,rmassyae@gnu.org,Male,86.236.238.221
376,Carney,Pott,cpottaf@arstechnica.com,Male,74.3.172.165
377,Anne,Blincow,ablincowag@facebook.com,Female,77.114.0.8
378,Lanita,Tattersfield,ltattersfieldah@homestead.com,Female,159.252.221.138
379,Bruis,Waplington,bwaplingtonai@timesonline.co.uk,Male,128.203.137.170
380,Gideon,Round,groundaj@noaa.gov,Male,100.247.92.34
381,Mame,Clurow,mclurowak@slate.com,Female,207.238.252.200
382,Borg,Fereday,bferedayal@dell.com,Polygender,94.3.193.143
383,Ekaterina,Domsalla,edomsallaam@harvard.edu,Female,37.252.238.37
384,Woodman,Corker,wcorkeran@webnode.com,Male,251.148.212.158
385,Benedetta,Binden,bbindenao@shutterfly.com,Female,228.61.254.77
386,Holden,Hallwood,hhallwoodap@mtv.com,Male,134.162.207.217
387,Aileen,Yurivtsev,ayurivtsevaq@flickr.com,Female,12.165.20.22
388,Wald,Killner,wkillnerar@spiegel.de,Male,149.101.141.108
389,Ernest,Brevitt,ebrevittas@a8.net,Male,129.160.87.79
390,Jaymee,Pavitt,jpavittat@zimbio.com,Female,147.9.196.83
391,Celinda,Bolingbroke,cbolingbrokeau@mit.edu,Female,49.62.12.188
392,Simone,Arbor,sarborav@opera.com,Male,254.5.128.226
393,Tricia,Bahia,tbahiaaw@cbc.ca,Female,81.250.96.211
394,Daffi,Syder,dsyderax@digg.com,Female,156.3.239.74
395,Jacklin,Maggi,jmaggiay@shop-pro.jp,Female,73.8.117.82
396,Pernell,Jobey,pjobeyaz@i2i.jp,Male,161.128.162.236
397,Trixi,Daleman,tdalemanb0@sina.com.cn,Genderfluid,172.28.75.250
398,Kala,Moxted,kmoxtedb1@cpanel.net,Female,183.117.175.97
399,Aila,de Courcey,adecourceyb2@imgur.com,Female,171.1.214.211
400,Milissent,Gamlin,mgamlinb3@delicious.com,Genderqueer,112.142.115.154
401,Jefferson,Tonkin,jtonkinb4@usnews.com,Male,183.206.142.146
402,Ferd,Cheves,fchevesb5@aol.com,Male,199.61.254.248
403,Cyndie,Ewols,cewolsb6@ftc.gov,Female,193.165.90.255
404,Elliott,Devonshire,edevonshireb7@artisteer.com,Male,55.33.218.105
405,Sacha,Manuelli,smanuellib8@mlb.com,Female,159.209.148.103
406,Don,Rowly,drowlyb9@yolasite.com,Male,133.120.5.83
407,Marylinda,Cloake,mcloakeba@mtv.com,Female,98.55.129.254
408,Ann,Ferrand,aferrandbb@ustream.tv,Female,125.160.52.223
409,Abigail,Itzkovwich,aitzkovwichbc@bandcamp.com,Female,65.109.74.241
410,Vinny,Fealy,vfealybd@zdnet.com,Male,118.131.117.155
411,Torrin,Tembridge,ttembridgebe@google.com,Male,117.148.117.21
412,Zacharias,Hendin,zhendinbf@tmall.com,Male,216.246.165.59
413,Juliann,Cluitt,jcluittbg@merriam-webster.com,Female,150.155.165.151
414,Fallon,Melloy,fmelloybh@infoseek.co.jp,Female,4.244.39.177
415,Osborn,Flury,oflurybi@fastcompany.com,Male,28.177.43.229
416,Sigvard,Romanski,sromanskibj@webs.com,Male,57.83.27.216
417,Rebekkah,Wilcinskis,rwilcinskisbk@latimes.com,Female,96.152.65.79
418,Janene,Newart,jnewartbl@dot.gov,Female,181.181.75.205
419,Reggie,Kirman,rkirmanbm@ebay.com,Female,82.177.101.112
420,Elwood,Blaschek,eblaschekbn@umn.edu,Agender,255.126.34.14
421,Goraud,Mowsdill,gmowsdillbo@yellowbook.com,Male,235.45.59.221
422,Boony,Gilffillan,bgilffillanbp@cdc.gov,Male,116.25.100.95
423,Eleen,Noone,enoonebq@chronoengine.com,Female,199.17.209.250
424,Arline,Muzzlewhite,amuzzlewhitebr@exblog.jp,Female,33.225.202.130
425,Cyrus,Jeram,cjerambs@abc.net.au,Male,39.54.224.44
426,Aundrea,Kernan,akernanbt@desdev.cn,Female,62.182.19.116
427,Lenci,De Benedictis,ldebenedictisbu@alexa.com,Male,236.89.112.227
428,Meris,Broe,mbroebv@biblegateway.com,Female,87.125.159.100
429,Phylis,Sallery,psallerybw@gov.uk,Female,224.94.176.103
430,Cherida,Kibbel,ckibbelbx@w3.org,Female,38.155.235.190
431,Fan,Bowater,fbowaterby@businessweek.com,Female,167.214.147.44
432,Jeanna,Proudlock,jproudlockbz@networksolutions.com,Female,104.91.122.96
433,Jackqueline,Kibbey,jkibbeyc0@nature.com,Female,243.162.139.111
434,Luis,Vause,lvausec1@reuters.com,Male,154.164.186.238
435,Antonietta,Fardy,afardyc2@reuters.com,Female,252.23.0.206
436,Roth,Dragon,rdragonc3@independent.co.uk,Male,195.143.223.242
437,Nell,Suddards,nsuddardsc4@tinyurl.com,Female,6.212.174.185
438,Blair,Mathan,bmathanc5@vimeo.com,Female,252.177.105.183
439,Glyn,McGahy,gmcgahyc6@pen.io,Female,75.213.194.1
440,Irina,Bampton,ibamptonc7@columbia.edu,Female,255.147.231.211
441,Ashlen,MacTrustrie,amactrustriec8@toplist.cz,Female,236.22.57.198
442,Salomone,Lardeux,slardeuxc9@webmd.com,Polygender,235.65.69.116
443,Tonnie,Tarbatt,ttarbattca@lulu.com,Male,87.44.211.171
444,Yancey,Cholerton,ycholertoncb@cbsnews.com,Male,151.18.90.194
445,Bartholomew,Janz,bjanzcc@google.com,Male,243.56.180.249
446,Kinsley,Goodwins,kgoodwinscd@answers.com,Male,55.191.87.12
447,Blisse,Goggey,bgoggeyce@nifty.com,Female,110.29.180.19
448,Demetria,Phillpotts,dphillpottscf@ameblo.jp,Female,117.140.41.143
449,Batsheva,Halford,bhalfordcg@japanpost.jp,Agender,192.20.60.50
450,Tito,Euels,teuelsch@last.fm,Male,182.52.103.59
451,Lucila,Grint,lgrintci@ucsd.edu,Female,109.22.37.74
452,Tawsha,Durrell,tdurrellcj@ycombinator.com,Agender,247.79.220.99
453,Kele,Ing,kingck@joomla.org,Male,139.233.35.224
454,Jordana,Snare,jsnarecl@slashdot.org,Female,214.253.131.102
455,Daphne,Wein,dweincm@altervista.org,Genderqueer,65.202.92.160
456,Ruggiero,Stove,rstovecn@stumbleupon.com,Male,230.75.73.60
457,Sherwin,Shakelade,sshakeladeco@amazon.co.uk,Bigender,32.235.113.146
458,Townsend,Haddleston,thaddlestoncp@virginia.edu,Bigender,94.102.53.179
459,Sena,Saddler,ssaddlercq@baidu.com,Female,205.49.143.87
460,Chauncey,Noore,cnoorecr@cnbc.com,Male,74.22.50.54
461,Rosaleen,Corran,rcorrancs@wired.com,Female,102.63.41.225
462,Vickie,Pitherick,vpitherickct@addthis.com,Female,10.50.22.34
463,Nicholas,Kroch,nkrochcu@so-net.ne.jp,Male,185.49.174.239
464,Prudi,Phizaclea,pphizacleacv@patch.com,Female,241.75.125.90
465,Felipe,Mongenot,fmongenotcw@indiatimes.com,Male,35.160.130.96
466,Charlton,Meni,cmenicx@abc.net.au,Male,68.228.126.68
467,Prudi,Voas,pvoascy@tinypic.com,Female,71.210.218.70
468,Ruthe,Hartless,rhartlesscz@reddit.com,Genderqueer,156.86.34.145
469,Jessamine,Edelheit,jedelheitd0@moonfruit.com,Female,210.251.177.37
470,Cart,Larive,clarived1@mysql.com,Male,115.104.187.216
471,Charmine,Slany,cslanyd2@virginia.edu,Female,86.29.0.232
472,Felicio,Ghione,fghioned3@liveinternet.ru,Male,74.159.139.216
473,Addy,Smallridge,asmallridged4@jugem.jp,Female,190.224.218.29
474,Beau,Normandale,bnormandaled5@apache.org,Male,216.215.184.49
475,Dorene,Wallage,dwallaged6@virginia.edu,Female,35.2.77.22
476,Garland,Rizzillo,grizzillod7@digg.com,Female,110.9.247.240
477,Dyanna,Ingold,dingoldd8@google.es,Female,221.121.227.29
478,Sylas,Preddy,spreddyd9@amazon.co.jp,Male,183.166.180.196
479,Ari,Haig,ahaigda@howstuffworks.com,Male,220.122.213.215
480,Jakie,Vennard,jvennarddb@opera.com,Male,35.73.193.188
481,Rooney,Vedeshkin,rvedeshkindc@histats.com,Male,169.157.247.29
482,Jerrome,Furmston,jfurmstondd@list-manage.com,Male,77.246.69.13
483,Christophe,Gribbin,cgribbinde@walmart.com,Male,165.16.163.94
484,Wilmer,Huggan,whuggandf@usnews.com,Agender,172.53.165.24
485,Stanleigh,Atlay,satlaydg@google.fr,Male,146.246.49.160
486,Vinnie,Dowsey,vdowseydh@pbs.org,Male,107.130.150.122
487,Kandy,Binns,kbinnsdi@senate.gov,Female,52.98.218.223
488,Karlens,Philbin,kphilbindj@github.com,Male,198.26.148.67
489,Pierette,Baszniak,pbaszniakdk@dmoz.org,Female,151.108.76.95
490,Babette,Wabersich,bwabersichdl@nba.com,Female,247.219.73.23
491,Lindsey,Ruos,lruosdm@ucoz.ru,Male,75.110.99.175
492,Riobard,Mully,rmullydn@ovh.net,Male,198.94.189.140
493,Tad,Wisedale,twisedaledo@w3.org,Male,91.203.212.251
494,Emlynne,Tower,etowerdp@live.com,Female,20.173.174.255
495,Upton,Ekless,ueklessdq@bloomberg.com,Male,189.161.10.113
496,Fanchon,Juris,fjurisdr@webnode.com,Female,46.12.159.135
497,Shurlocke,Ickovits,sickovitsds@cdc.gov,Male,62.165.5.0
498,Nowell,Hunte,nhuntedt@ifeng.com,Male,80.106.143.182
499,Winny,Drever,wdreverdu@photobucket.com,Male,237.22.189.23
500,Sada,Heck,sheckdv@topsy.com,Female,252.118.31.203
501,Annabel,Sichardt,asichardtdw@nhs.uk,Agender,162.158.99.169
502,Beltran,Simione,bsimionedx@usatoday.com,Male,12.131.170.95
503,Jordan,Demsey,jdemseydy@bluehost.com,Male,145.34.123.68
504,Athena,O'Kinneally,aokinneallydz@sitemeter.com,Female,167.189.55.42
505,Alfie,Mattiello,amattielloe0@mit.edu,Male,225.170.120.216
506,Yvette,Espino,yespinoe1@yahoo.co.jp,Genderqueer,80.140.182.59
507,Barri,Udey,budeye2@icq.com,Male,158.167.64.230
508,Lexie,Snoxill,lsnoxille3@npr.org,Female,143.93.206.164
509,Luciana,Dodwell,ldodwelle4@skype.com,Female,100.93.235.88
510,Grantham,Poole,gpoolee5@eventbrite.com,Genderqueer,230.57.32.152
511,Quill,Brymham,qbrymhame6@icq.com,Male,213.178.100.76
512,Norby,Hayball,nhayballe7@eventbrite.com,Male,235.62.87.229
513,Ardis,Jump,ajumpe8@icio.us,Female,177.68.47.179
514,Brana,Mollnar,bmollnare9@domainmarket.com,Polygender,227.127.54.151
515,Rosco,Ewbanke,rewbankeea@un.org,Male,9.111.176.215
516,Ludwig,Klassman,lklassmaneb@wikipedia.org,Male,158.44.176.251
517,Orelia,Kingswood,okingswoodec@craigslist.org,Female,177.216.31.143
518,Jacinda,Albinson,jalbinsoned@irs.gov,Female,52.108.224.102
519,Izaak,Shew,ishewee@miibeian.gov.cn,Male,82.185.83.234
520,Viki,Sarjeant,vsarjeantef@latimes.com,Female,167.114.79.253
521,Haywood,Cottisford,hcottisfordeg@oakley.com,Genderfluid,125.138.127.194
522,Lillian,Heyburn,lheyburneh@gnu.org,Female,138.202.206.99
523,Suzanne,Netherclift,snethercliftei@illinois.edu,Female,118.164.55.176
524,Laurent,Myhill,lmyhillej@craigslist.org,Non-binary,104.127.194.189
525,Worthington,Bikker,wbikkerek@google.com.br,Male,126.121.37.239
526,Klarrisa,Gouch,kgouchel@cmu.edu,Female,240.23.114.142
527,Valentina,Bolter,vbolterem@icio.us,Female,250.6.193.252
528,Fredek,Bennedsen,fbennedsenen@reddit.com,Male,161.21.249.217
529,Ryann,Hame,rhameeo@cocolog-nifty.com,Female,8.3.115.153
530,Dru,Lauridsen,dlauridsenep@google.co.uk,Female,76.81.34.168
531,Birk,Quested,bquestedeq@census.gov,Male,205.24.240.110
532,Desirae,Cahen,dcahener@goo.gl,Female,60.236.199.186
533,Lay,McMonnies,lmcmonnieses@java.com,Male,99.243.242.82
534,Gage,Kline,gklineet@hostgator.com,Male,90.156.59.7
535,Willard,Kenrack,wkenrackeu@amazon.co.jp,Male,140.179.209.224
536,Fidelity,Wey,fweyev@soundcloud.com,Female,222.79.181.56
537,Cherin,McLevie,cmclevieew@blogger.com,Female,188.115.119.134
538,Tallia,Yellowlee,tyellowleeex@hud.gov,Female,157.95.17.212
539,Bruis,Hauger,bhaugerey@virginia.edu,Male,114.158.77.19
540,Gage,Klemz,gklemzez@bing.com,Male,173.163.99.219
541,Emlyn,Bartles,ebartlesf0@aol.com,Female,127.82.62.192
542,Guthry,Dockray,gdockrayf1@reference.com,Male,108.14.111.206
543,Keeley,Redhouse,kredhousef2@dot.gov,Female,79.80.213.208
544,Tudor,Standage,tstandagef3@constantcontact.com,Genderfluid,176.214.200.50
545,Daniele,Poplee,dpopleef4@goodreads.com,Female,145.93.229.80
546,Ginny,Otter,gotterf5@goo.gl,Female,242.119.99.150
547,Irene,Nice,inicef6@lulu.com,Female,99.136.42.23
548,Portie,Cowe,pcowef7@newyorker.com,Male,172.186.168.184
549,Karlyn,Swindon,kswindonf8@webnode.com,Female,61.238.59.243
550,Sanford,Leighton,sleightonf9@themeforest.net,Male,26.185.156.137
551,Jodi,Campion,jcampionfa@histats.com,Female,73.79.56.139
552,Desiri,Aleksashin,daleksashinfb@amazon.de,Female,160.165.118.189
553,Massimo,Waistall,mwaistallfc@jalbum.net,Male,221.65.242.90
554,Nolly,Tyhurst,ntyhurstfd@nyu.edu,Male,115.255.180.171
555,Cathyleen,Gilhooley,cgilhooleyfe@biglobe.ne.jp,Female,13.133.128.84
556,Granville,Keasley,gkeasleyff@printfriendly.com,Male,35.1.186.48
557,Dudley,Dufer,dduferfg@drupal.org,Male,28.95.41.115
558,Leta,Rider,lriderfh@shop-pro.jp,Bigender,209.160.246.91
559,Shelbi,Caban,scabanfi@foxnews.com,Female,140.108.131.144
560,Henrie,Dunnet,hdunnetfj@gravatar.com,Female,90.37.240.132
561,Holt,Abate,habatefk@goo.gl,Male,154.92.8.157
562,Concettina,Febry,cfebryfl@tiny.cc,Female,93.71.124.126
563,Selby,Mafham,smafhamfm@printfriendly.com,Male,26.138.150.62
564,Cchaddie,Cardenoso,ccardenosofn@arizona.edu,Male,192.50.233.155
565,Sheila-kathryn,Draisey,sdraiseyfo@columbia.edu,Non-binary,31.137.225.160
566,Guglielmo,Scemp,gscempfp@marketwatch.com,Male,224.15.240.194
567,Roderic,Domingues,rdominguesfq@g.co,Male,5.175.154.231
568,Seymour,MacTrustey,smactrusteyfr@skyrock.com,Male,213.221.19.235
569,Karney,Balfe,kbalfefs@hao123.com,Male,232.182.195.123
570,Micheil,Ashwin,mashwinft@discovery.com,Male,15.196.171.9
571,Trevor,Feldberger,tfeldbergerfu@amazon.de,Male,185.54.61.228
572,Bebe,Matysiak,bmatysiakfv@icq.com,Female,179.181.11.237
573,Florenza,Oldland,foldlandfw@wix.com,Female,241.181.117.97
574,Rufe,Gaddes,rgaddesfx@mayoclinic.com,Male,32.137.44.54
575,Janeczka,Enrico,jenricofy@eventbrite.com,Female,120.32.10.158
576,Valida,Beckwith,vbeckwithfz@goo.ne.jp,Female,1.134.135.127
577,Gallagher,Satchell,gsatchellg0@liveinternet.ru,Male,36.38.65.37
578,Randolph,Greenhead,rgreenheadg1@multiply.com,Male,247.50.111.205
579,Anna-diana,Bebb,abebbg2@intel.com,Female,82.32.10.85
580,Clarice,Kupisz,ckupiszg3@cbslocal.com,Female,213.215.103.53
581,Leo,Creffield,lcreffieldg4@ehow.com,Male,187.44.28.230
582,Alexandro,Seywood,aseywoodg5@i2i.jp,Male,175.108.185.150
583,Brita,Ilett,bilettg6@godaddy.com,Female,150.66.35.89
584,Luther,Leythley,lleythleyg7@howstuffworks.com,Male,203.52.55.249
585,Kary,Corkell,kcorkellg8@cargocollective.com,Female,111.243.254.91
586,Kean,Stickells,kstickellsg9@liveinternet.ru,Male,190.106.196.195
587,Earlie,McPolin,emcpolinga@indiegogo.com,Male,25.187.48.226
588,Heddi,Duxfield,hduxfieldgb@hugedomains.com,Female,110.94.66.215
589,Eugen,Shubotham,eshubothamgc@is.gd,Male,192.199.150.102
590,Rockie,Goshawk,rgoshawkgd@jiathis.com,Male,188.7.154.202
591,Sarita,Tomek,stomekge@google.pl,Female,91.0.102.105
592,Mamie,Hector,mhectorgf@wordpress.com,Agender,47.94.154.105
593,Shannan,Walewicz,swalewiczgg@yellowbook.com,Male,143.201.65.209
594,Charis,Hegley,chegleygh@free.fr,Female,65.68.100.190
595,Merralee,Godspeede,mgodspeedegi@e-recht24.de,Genderqueer,135.222.20.10
596,Dre,Buston,dbustongj@ed.gov,Female,10.48.22.184
597,Claudina,Acheson,cachesongk@imdb.com,Female,164.130.162.114
598,Jenni,Hegges,jheggesgl@house.gov,Female,117.233.147.48
599,Gaylor,Trouncer,gtrouncergm@furl.net,Male,251.254.131.248
600,Olenolin,Cordeux,ocordeuxgn@skype.com,Male,50.12.94.26
601,Dominique,Aynsley,daynsleygo@bloglines.com,Female,173.106.56.166
602,Rafi,Saffran,rsaffrangp@sakura.ne.jp,Male,71.55.237.23
603,Amber,Wombwell,awombwellgq@washingtonpost.com,Female,29.210.57.182
604,Barret,Gregore,bgregoregr@tinyurl.com,Male,136.216.123.58
605,Arron,Swayte,aswaytegs@virginia.edu,Male,179.33.216.180
606,Ferdie,Schrei,fschreigt@stumbleupon.com,Male,139.197.128.155
607,Leo,Erricker,lerrickergu@naver.com,Male,129.161.213.27
608,Cathrine,Maddrah,cmaddrahgv@amazonaws.com,Female,7.81.190.93
609,Mychal,Kinze,mkinzegw@networksolutions.com,Agender,190.248.23.63
610,Elwira,Pasterfield,epasterfieldgx@ustream.tv,Female,223.79.46.19
611,Jamey,Goodier,jgoodiergy@patch.com,Male,88.210.169.59
612,Quinn,Deware,qdewaregz@dagondesign.com,Male,51.194.56.68
613,Mufi,Lindsey,mlindseyh0@whitehouse.gov,Female,21.64.123.67
614,Trey,Longworth,tlongworthh1@merriam-webster.com,Male,2.16.104.118
615,Constantin,Grainge,cgraingeh2@geocities.com,Male,161.200.6.36
616,Grissel,Gobel,ggobelh3@1und1.de,Female,158.58.133.143
617,Hamlin,Hue,hhueh4@google.co.jp,Male,247.216.131.154
618,Rorie,Byforth,rbyforthh5@vimeo.com,Female,78.95.29.72
619,Julio,Batham,jbathamh6@reuters.com,Male,121.249.217.88
620,Arlyn,Jurries,ajurriesh7@hugedomains.com,Genderqueer,116.57.177.213
621,Grantley,Coppock.,gcoppockh8@cnn.com,Male,3.49.34.31
622,Abby,Hardaker,ahardakerh9@webmd.com,Female,35.200.171.243
623,Kristy,Nazareth,knazarethha@domainmarket.com,Female,1.211.74.85
624,Katerine,Dyhouse,kdyhousehb@dagondesign.com,Female,216.92.28.170
625,Winnie,Woolcocks,wwoolcockshc@multiply.com,Male,253.140.6.37
626,Elva,Tart,etarthd@statcounter.com,Genderfluid,250.71.68.26
627,Zarah,Czajkowski,zczajkowskihe@ow.ly,Female,188.109.154.37
628,Amitie,Cockshot,acockshothf@jimdo.com,Female,77.144.201.50
629,Alisa,Iacovo,aiacovohg@latimes.com,Female,17.196.93.59
630,Harbert,Hairsnape,hhairsnapehh@flickr.com,Male,60.6.183.37
631,Othilia,Smithyman,osmithymanhi@360.cn,Female,195.28.116.238
632,Aldin,Guilder,aguilderhj@slideshare.net,Male,76.150.149.157
633,Weylin,Look,wlookhk@independent.co.uk,Male,117.238.247.201
634,Ethel,Saipy,esaipyhl@dailymotion.com,Polygender,59.254.173.122
635,Amalia,Whaites,awhaiteshm@ezinearticles.com,Female,94.21.76.159
636,Lynn,Arnell,larnellhn@naver.com,Female,196.141.205.62
637,Griffie,Rattery,gratteryho@auda.org.au,Male,117.87.138.94
638,Gisela,Cromarty,gcromartyhp@virginia.edu,Female,229.198.238.167
639,Mario,Dulling,mdullinghq@auda.org.au,Male,108.37.129.250
640,Elwyn,Gershom,egershomhr@phpbb.com,Non-binary,116.36.118.71
641,Yehudit,Shire,yshirehs@sina.com.cn,Male,93.190.122.93
642,Curcio,Storms,cstormsht@goo.gl,Male,184.10.101.9
643,Hale,Cay,hcayhu@nature.com,Male,158.70.79.171
644,Karrie,Greatland,kgreatlandhv@google.cn,Female,189.153.132.216
645,Leeanne,Sorrie,lsorriehw@cmu.edu,Female,85.147.93.247
646,Drake,Bridger,dbridgerhx@economist.com,Male,128.252.24.153
647,Edythe,Heineking,eheinekinghy@hibu.com,Female,178.234.122.108
648,Curt,Witty,cwittyhz@ucla.edu,Male,58.44.154.212
649,Xever,Dootson,xdootsoni0@disqus.com,Male,234.103.59.219
650,Matthaeus,Sonschein,msonscheini1@wikia.com,Bigender,144.149.241.218
651,Fredericka,Novill,fnovilli2@samsung.com,Female,224.132.205.216
652,Jacquelyn,Laherty,jlahertyi3@webmd.com,Female,168.206.2.168
653,Alyda,Pybworth,apybworthi4@github.com,Female,182.78.228.237
654,Laurie,MacFarland,lmacfarlandi5@cocolog-nifty.com,Male,146.123.225.99
655,Rolph,Goodspeed,rgoodspeedi6@soup.io,Male,17.201.125.46
656,Vally,Lynnitt,vlynnitti7@canalblog.com,Bigender,255.202.141.211
657,Danny,Mabson,dmabsoni8@ucoz.com,Female,1.235.9.208
658,Cordy,Skitteral,cskitterali9@samsung.com,Female,61.115.56.45
659,Reinald,Friary,rfriaryia@bbb.org,Male,255.175.221.113
660,Tine,Petroselli,tpetroselliib@slashdot.org,Female,26.59.127.120
661,Dallas,Neiland,dneilandic@sogou.com,Non-binary,168.103.8.144
662,Wilbert,Morde,wmordeid@surveymonkey.com,Agender,33.103.82.67
663,Avictor,Shuttell,ashuttellie@xing.com,Male,53.196.59.159
664,Lemmy,Dikels,ldikelsif@japanpost.jp,Male,220.179.218.69
665,Jamil,Cheal,jchealig@feedburner.com,Male,126.118.246.26
666,Tory,Crocombe,tcrocombeih@sina.com.cn,Female,57.184.215.156
667,Petronilla,Ludye,pludyeii@dion.ne.jp,Female,188.226.241.150
668,Jill,Ewing,jewingij@smh.com.au,Female,179.78.162.179
669,Rickie,Mor,rmorik@nytimes.com,Male,208.169.179.2
670,Filippo,Harbison,fharbisonil@ezinearticles.com,Male,173.82.122.172
671,Aharon,Inglis,ainglisim@privacy.gov.au,Male,196.240.75.176
672,Nelson,Tomsa,ntomsain@networksolutions.com,Male,215.3.110.222
673,Christoforo,Brookshaw,cbrookshawio@wiley.com,Bigender,174.151.170.254
674,Gherardo,Rafferty,graffertyip@istockphoto.com,Male,124.84.114.207
675,Park,Hattam,phattamiq@java.com,Male,61.80.205.226
676,Delilah,Bollen,dbollenir@prnewswire.com,Female,218.200.228.81
677,Warren,Sherrum,wsherrumis@lycos.com,Male,60.53.87.144
678,Eleanora,Deinhardt,edeinhardtit@quantcast.com,Female,251.99.132.106
679,Frannie,Moretto,fmorettoiu@nyu.edu,Male,199.33.220.172
680,Cleve,Spatoni,cspatoniiv@intel.com,Male,209.136.44.236
681,Bernadene,Ancliffe,bancliffeiw@sogou.com,Female,178.242.121.197
682,Wendie,Vitler,wvitlerix@last.fm,Female,164.192.212.159
683,Leonie,Blay,lblayiy@wikimedia.org,Female,222.211.223.22
684,Kanya,Hindge,khindgeiz@over-blog.com,Female,19.223.169.146
685,Nollie,Anthonsen,nanthonsenj0@toplist.cz,Male,46.3.199.44
686,Zsa zsa,Meatcher,zmeatcherj1@chronoengine.com,Female,244.144.168.187
687,Trent,Guinery,tguineryj2@domainmarket.com,Male,28.58.152.239
688,Agosto,Abbet,aabbetj3@etsy.com,Bigender,89.19.121.209
689,Martina,Lancashire,mlancashirej4@google.pl,Female,233.16.40.123
690,Loutitia,Vonderdell,lvonderdellj5@pagesperso-orange.fr,Female,203.195.2.149
691,Al,Djokic,adjokicj6@cpanel.net,Male,57.225.0.93
692,Marjy,Marquese,mmarquesej7@networksolutions.com,Female,102.88.18.209
693,Faustine,Gaitskell,fgaitskellj8@cpanel.net,Female,14.243.196.81
694,Any,Greenstreet,agreenstreetj9@moonfruit.com,Male,173.247.51.75
695,Clementina,Westgate,cwestgateja@chron.com,Female,88.217.192.115
696,Bradan,Asquith,basquithjb@hugedomains.com,Male,35.8.80.187
697,Waly,Southon,wsouthonjc@pen.io,Female,17.12.124.183
698,Dalila,Deakin,ddeakinjd@cbsnews.com,Female,133.147.49.74
699,Xylia,Meneely,xmeneelyje@blogtalkradio.com,Female,19.77.146.8
700,Tobe,Webland,tweblandjf@vinaora.com,Male,86.65.91.109
701,Loella,Walsham,lwalshamjg@ucla.edu,Female,55.12.143.148
702,Vanya,Bauchop,vbauchopjh@netscape.com,Male,78.202.229.60
703,Irwinn,Vowden,ivowdenji@google.it,Male,97.91.28.239
704,Wilie,Hegarty,whegartyjj@cpanel.net,Female,115.87.228.244
705,Violette,Megainey,vmegaineyjk@walmart.com,Genderqueer,41.18.48.143
706,Nevil,Ludgate,nludgatejl@telegraph.co.uk,Male,188.92.255.74
707,Gavra,Claremont,gclaremontjm@berkeley.edu,Female,43.180.225.10
708,Thaxter,Jakoubec,tjakoubecjn@who.int,Male,43.160.122.178
709,Duff,Bensen,dbensenjo@tuttocitta.it,Male,238.162.48.121
710,Carey,Urrey,curreyjp@goo.gl,Female,46.165.160.62
711,Bess,Thrussell,bthrusselljq@rakuten.co.jp,Female,164.177.90.27
712,William,Lichfield,wlichfieldjr@livejournal.com,Male,37.106.109.116
713,Brenna,Silbersak,bsilbersakjs@vistaprint.com,Genderfluid,42.152.26.73
714,Jarrad,Gotcliff,jgotcliffjt@php.net,Male,159.92.196.80
715,Iorgo,Julyan,ijulyanju@pinterest.com,Agender,14.207.123.100
716,Pancho,Nutting,pnuttingjv@google.com,Male,27.234.116.118
717,Doralyn,Corbet,dcorbetjw@amazon.de,Genderqueer,121.93.161.242
718,Gladys,Tweede,gtweedejx@symantec.com,Genderqueer,158.130.19.128
719,Teddie,Habbijam,thabbijamjy@blog.com,Female,130.167.24.22
720,Salomo,Lintill,slintilljz@cbslocal.com,Male,112.138.107.242
721,Kassi,Rickell,krickellk0@ucoz.ru,Non-binary,0.229.128.227
722,Jess,Godsal,jgodsalk1@barnesandnoble.com,Male,151.103.18.234
723,Ahmed,Hinckesman,ahinckesmank2@shinystat.com,Male,248.244.108.131
724,Maurise,Chadbourne,mchadbournek3@google.de,Bigender,202.202.18.11
725,Lorine,Brodnecke,lbrodneckek4@goo.gl,Bigender,36.139.204.166
726,Shirleen,Bearblock,sbearblockk5@linkedin.com,Genderfluid,23.220.112.60
727,Hettie,Frickey,hfrickeyk6@google.nl,Female,120.107.103.112
728,Elka,Mabon,emabonk7@usatoday.com,Female,245.11.250.32
729,Mildred,Gadsden,mgadsdenk8@weibo.com,Bigender,243.0.65.244
730,Kristal,Slatten,kslattenk9@people.com.cn,Female,236.170.244.4
731,Aloisia,Knuckles,aknuckleska@istockphoto.com,Female,136.30.110.247
732,Rodolphe,Kille,rkillekb@goo.ne.jp,Male,94.56.7.197
733,Herb,Pettegre,hpettegrekc@arizona.edu,Male,192.128.216.30
734,Coretta,Glendinning,cglendinningkd@hao123.com,Female,79.54.74.212
735,Mitchel,Lamar,mlamarke@spotify.com,Male,241.229.167.62
736,Gage,Carrigan,gcarrigankf@uiuc.edu,Male,150.12.35.188
737,Orelle,Couchman,ocouchmankg@studiopress.com,Female,168.131.148.98
738,Marcellina,Duligal,mduligalkh@ezinearticles.com,Female,87.11.199.50
739,Cly,Varnals,cvarnalski@arstechnica.com,Male,30.213.46.157
740,Isidro,Bauser,ibauserkj@bbb.org,Male,87.250.245.3
741,Agnese,Welland,awellandkk@shinystat.com,Female,89.177.216.184
742,Silvano,Itter,sitterkl@loc.gov,Male,226.73.188.196
743,Omar,Espinay,oespinaykm@kickstarter.com,Genderqueer,55.174.47.23
744,Trish,Buckby,tbuckbykn@intel.com,Female,226.253.128.207
745,Bryanty,Kunert,bkunertko@bloglovin.com,Male,82.82.177.56
746,Edmon,O'Sheerin,eosheerinkp@google.es,Male,174.135.28.250
747,Charla,Cridlan,ccridlankq@nba.com,Female,154.149.164.30
748,Malia,Sewall,msewallkr@walmart.com,Female,141.85.196.53
749,Sanderson,Alennikov,salennikovks@dailymail.co.uk,Male,139.166.1.165
750,Russ,Domenichini,rdomenichinikt@msu.edu,Non-binary,56.239.52.154
751,Saunderson,Nunan,snunanku@google.co.uk,Male,96.117.225.28
752,Lee,Oulner,loulnerkv@vimeo.com,Male,165.83.89.20
753,Jenna,Duerden,jduerdenkw@smugmug.com,Female,79.221.219.151
754,Oralle,Wrack,owrackkx@jiathis.com,Female,179.68.34.244
755,Erminie,Stubley,estubleyky@g.co,Female,89.162.57.53
756,Silvester,Slatten,sslattenkz@exblog.jp,Male,13.215.183.182
757,Dorie,Behrend,dbehrendl0@google.com.hk,Male,164.158.160.187
758,Bjorn,Matashkin,bmatashkinl1@stanford.edu,Male,159.185.80.154
759,Marie-ann,Fibbings,mfibbingsl2@behance.net,Female,52.4.109.174
760,Zacharia,Willishire,zwillishirel3@tamu.edu,Male,32.47.251.252
761,Myrvyn,Mullord,mmullordl4@themeforest.net,Male,122.59.245.236
762,Nerita,Pinel,npinell5@slideshare.net,Female,34.36.92.131
763,Othella,Huddy,ohuddyl6@newsvine.com,Non-binary,39.2.182.113
764,Yard,Duggen,yduggenl7@mac.com,Male,117.181.145.180
765,Garek,Fullerlove,gfullerlovel8@tumblr.com,Male,186.181.31.215
766,Ottilie,Purver,opurverl9@cornell.edu,Female,186.26.161.45
767,Walt,Jerrans,wjerransla@princeton.edu,Male,133.43.82.196
768,Zaneta,Leckenby,zleckenbylb@google.pl,Female,223.56.240.232
769,Cullie,Bynert,cbynertlc@smugmug.com,Male,208.96.18.4
770,Virginie,Jeyes,vjeyesld@163.com,Genderqueer,254.226.168.2
771,Herby,Chapelle,hchapellele@weather.com,Male,111.149.29.197
772,Tedda,Greenrod,tgreenrodlf@gizmodo.com,Female,225.1.249.231
773,Reginauld,Volleth,rvollethlg@google.it,Male,27.35.71.170
774,Brigitte,Giacoboni,bgiacobonilh@hhs.gov,Female,244.9.177.22
775,Shandee,Dalley,sdalleyli@wikispaces.com,Female,129.194.73.160
776,Marion,Arbuckle,marbucklelj@time.com,Male,43.179.188.44
777,Ab,Haycraft,ahaycraftlk@independent.co.uk,Male,0.52.169.16
778,Allyn,Tohill,atohillll@chronoengine.com,Female,100.246.189.233
779,Sherwood,Girodin,sgirodinlm@myspace.com,Male,115.200.101.31
780,Dagny,Brabban,dbrabbanln@furl.net,Polygender,237.231.130.37
781,Dave,Hurkett,dhurkettlo@microsoft.com,Male,50.244.66.152
782,Olly,Faulkes,ofaulkeslp@mail.ru,Male,68.62.113.36
783,Olivia,Dedrick,odedricklq@blogs.com,Female,246.113.93.232
784,Shirl,Reschke,sreschkelr@sina.com.cn,Female,72.140.46.217
785,Gwyn,Rothman,grothmanls@telegraph.co.uk,Female,165.248.199.23
786,Pammie,O'Currigan,pocurriganlt@myspace.com,Female,131.214.103.93
787,Broddie,Revett,brevettlu@g.co,Genderfluid,34.52.7.243
788,Appolonia,Seine,aseinelv@state.tx.us,Female,154.221.7.9
789,Bartram,Bartolomeo,bbartolomeolw@dell.com,Male,199.128.15.56
790,Otes,Peto,opetolx@vistaprint.com,Male,161.147.234.10
791,Graham,Izen,gizenly@skyrock.com,Male,152.32.34.222
792,Belvia,Lander,blanderlz@ca.gov,Female,133.177.216.53
793,Coletta,Wheble,cwheblem0@pagesperso-orange.fr,Non-binary,44.195.80.144
794,Lorie,Swalough,lswaloughm1@state.gov,Female,255.136.94.43
795,Rodney,Ostridge,rostridgem2@tripadvisor.com,Male,13.45.22.81
796,Sibylla,Craney,scraneym3@salon.com,Female,90.10.80.20
797,Vanya,Vooght,vvooghtm4@dailymotion.com,Female,90.129.197.181
798,Robby,Jaffrey,rjaffreym5@addthis.com,Male,244.251.131.1
799,Leelah,Elster,lelsterm6@tinypic.com,Female,144.37.42.38
800,Darcie,Nilles,dnillesm7@shop-pro.jp,Female,67.58.1.29
801,Smith,Thalmann,sthalmannm8@intel.com,Non-binary,220.225.34.172
802,Ardelle,Bowld,abowldm9@amazonaws.com,Female,70.2.192.83
803,Burt,Ingold,bingoldma@123-reg.co.uk,Male,104.108.251.16
804,Kalila,Liversedge,kliversedgemb@sciencedirect.com,Female,65.222.151.254
805,Jorrie,Rickard,jrickardmc@phoca.cz,Female,9.223.19.109
806,Pearl,Lecordier,plecordiermd@seattletimes.com,Female,79.10.79.72
807,Pepita,Petroselli,ppetrosellime@weather.com,Female,172.251.242.18
808,Cello,Gebbe,cgebbemf@nba.com,Male,91.182.77.227
809,Jeno,Burberye,jburberyemg@sakura.ne.jp,Male,33.162.108.186
810,Jim,Wein,jweinmh@live.com,Male,39.136.103.152
811,Andy,Bartolozzi,abartolozzimi@creativecommons.org,Male,33.2.158.85
812,Frances,Molian,fmolianmj@ezinearticles.com,Female,131.39.134.119
813,Chase,Pearn,cpearnmk@usnews.com,Male,9.140.65.184
814,Jesse,Epton,jeptonml@bluehost.com,Female,113.20.216.158
815,Rheba,Enriques,renriquesmm@dailymotion.com,Female,213.85.94.252
816,Buiron,Bonsul,bbonsulmn@ning.com,Male,65.116.237.177
817,Ron,Kiddle,rkiddlemo@engadget.com,Male,79.129.194.102
818,Pren,Donizeau,pdonizeaump@hubpages.com,Bigender,83.232.66.139
819,Hanni,Doerrling,hdoerrlingmq@stumbleupon.com,Female,34.74.193.51
820,Rhett,Eakens,reakensmr@webnode.com,Male,83.94.4.237
821,Peder,Miller,pmillerms@biblegateway.com,Male,183.248.58.204
822,Niles,Moakes,nmoakesmt@narod.ru,Male,94.125.121.116
823,Emory,Loverock,eloverockmu@bing.com,Male,46.52.232.90
824,Kristin,Cotilard,kcotilardmv@berkeley.edu,Female,26.37.178.139
825,Maison,Plewes,mplewesmw@constantcontact.com,Male,50.34.51.90
826,Selena,O' Liddy,soliddymx@fda.gov,Polygender,28.241.62.36
827,Corissa,Vearncomb,cvearncombmy@apache.org,Female,99.249.99.49
828,Yank,Bertomieu,ybertomieumz@acquirethisname.com,Male,98.184.247.207
829,Rubin,Rennenbach,rrennenbachn0@nih.gov,Male,121.113.81.96
830,Giff,Braitling,gbraitlingn1@newsvine.com,Male,40.89.12.49
831,Chloe,Jardin,cjardinn2@amazon.co.jp,Non-binary,172.148.17.200
832,Hervey,Stocking,hstockingn3@reddit.com,Male,33.133.191.39
833,Balduin,McCurtain,bmccurtainn4@nyu.edu,Male,197.141.153.131
834,Aaren,Desforges,adesforgesn5@furl.net,Female,37.21.189.164
835,Ham,McKyrrelly,hmckyrrellyn6@simplemachines.org,Male,35.214.36.54
836,Dina,Anstice,dansticen7@usa.gov,Female,108.252.3.211
837,Emyle,Szymanski,eszymanskin8@cnbc.com,Female,151.166.201.219
838,Antonin,Wimmers,awimmersn9@posterous.com,Male,20.126.109.73
839,Darlleen,Onn,donnna@yandex.ru,Bigender,57.106.42.91
840,Giulia,Mougeot,gmougeotnb@ucsd.edu,Female,12.240.141.129
841,Amandi,Phython,aphythonnc@facebook.com,Female,135.107.68.99
842,Willabella,Yendle,wyendlend@weebly.com,Female,18.94.218.226
843,Cullan,Tomanek,ctomanekne@wordpress.org,Male,243.159.253.196
844,Evyn,Tiddy,etiddynf@phpbb.com,Male,22.137.105.199
845,Chan,Roskelly,croskellyng@craigslist.org,Male,253.9.103.106
846,Baryram,Kaminski,bkaminskinh@cbc.ca,Male,52.19.212.41
847,Hildegaard,Emptage,hemptageni@msn.com,Female,207.230.97.199
848,Natalina,Dudding,nduddingnj@myspace.com,Female,105.53.139.94
849,Jake,Furtado,jfurtadonk@newyorker.com,Male,166.68.147.114
850,Percival,O'Lennane,polennanenl@arstechnica.com,Male,165.241.47.233
851,Miran,Dwire,mdwirenm@paypal.com,Female,229.221.13.103
852,Cal,Swynfen,cswynfennn@cafepress.com,Genderqueer,211.242.227.48
853,Georgina,Hanby,ghanbyno@google.es,Female,11.244.32.234
854,Kalindi,Connikie,kconnikienp@soup.io,Female,164.129.172.0
855,Emelia,Clemot,eclemotnq@addtoany.com,Female,29.172.172.21
856,Tandy,Le Port,tleportnr@businessinsider.com,Female,81.15.42.34
857,Bastien,Gozzett,bgozzettns@nhs.uk,Male,36.190.118.194
858,Marlow,Lagden,mlagdennt@ibm.com,Male,36.139.82.74
859,Ivar,Dimmer,idimmernu@msu.edu,Male,233.115.149.237
860,Portia,Screach,pscreachnv@istockphoto.com,Female,161.126.100.0
861,Brittani,Redit,breditnw@ow.ly,Female,243.61.88.144
862,Mitchell,Syddall,msyddallnx@usnews.com,Male,48.208.77.13
863,Ken,Bover,kboverny@apache.org,Male,64.110.144.170
864,Yul,Blagden,yblagdennz@ycombinator.com,Male,153.4.123.62
865,Daven,Kettridge,dkettridgeo0@ibm.com,Male,135.110.93.72
866,Darrick,Skoughman,dskoughmano1@paginegialle.it,Male,90.219.44.162
867,Tiertza,Mathon,tmathono2@mashable.com,Female,93.228.196.105
868,Florance,Puckey,fpuckeyo3@ucla.edu,Female,240.44.217.162
869,Ginni,Lune,gluneo4@sciencedirect.com,Female,65.53.102.55
870,Robers,Sauter,rsautero5@ucla.edu,Male,172.48.53.197
871,Hy,Castaignet,hcastaigneto6@yellowbook.com,Male,12.38.230.7
872,Phylys,Nyssens,pnyssenso7@ucoz.ru,Female,111.5.30.41
873,Violette,Blaisdell,vblaisdello8@wiley.com,Female,24.58.205.235
874,Jordana,O'Gorman,jogormano9@hud.gov,Agender,112.68.25.95
875,Thaxter,Campsall,tcampsalloa@yahoo.com,Male,187.95.68.125
876,Martino,Oliveti,molivetiob@howstuffworks.com,Male,33.136.213.196
877,Berkley,Hise,bhiseoc@kickstarter.com,Male,255.67.153.134
878,Rodd,Willmont,rwillmontod@technorati.com,Male,98.205.65.33
879,Isak,Scurry,iscurryoe@rediff.com,Male,121.245.221.13
880,Bibby,Morrel,bmorrelof@domainmarket.com,Female,109.122.247.147
881,Kermit,Housaman,khousamanog@cyberchimps.com,Male,186.28.148.251
882,Sargent,Delahunt,sdelahuntoh@networksolutions.com,Male,136.145.125.144
883,Nanete,Blowen,nblowenoi@bigcartel.com,Female,101.107.108.80
884,Neilla,McGrae,nmcgraeoj@prlog.org,Female,139.249.218.5
885,Alica,Brocklebank,abrocklebankok@booking.com,Genderfluid,170.117.216.251
886,Starlene,Nassey,snasseyol@msn.com,Female,167.6.160.17
887,Christos,Pagram,cpagramom@cnet.com,Male,170.176.1.201
888,Koo,Lambird,klambirdon@seesaa.net,Female,175.91.93.230
889,Cassaundra,Woolfall,cwoolfalloo@opensource.org,Female,205.231.114.132
890,Rubina,Dorricott,rdorricottop@irs.gov,Female,46.33.236.116
891,Melitta,De Lisle,mdelisleoq@dion.ne.jp,Bigender,66.19.104.111
892,Emelina,Bamell,ebamellor@discovery.com,Female,48.160.101.58
893,Liz,Gilgryst,lgilgrystos@exblog.jp,Female,49.6.253.17
894,Hughie,Pask,hpaskot@is.gd,Male,33.5.246.157
895,Ambrosio,Isham,aishamou@wufoo.com,Male,38.134.217.209
896,Gasper,Gailor,ggailorov@mlb.com,Agender,204.200.241.240
897,Ancell,Poll,apollow@i2i.jp,Male,88.4.115.139
898,Jarib,Crummie,jcrummieox@mozilla.org,Male,251.125.220.197
899,Thorny,Pfeffel,tpfeffeloy@smh.com.au,Male,227.43.68.152
900,Veradis,Laughton,vlaughtonoz@dagondesign.com,Polygender,216.166.65.212
901,Kate,Anning,kanningp0@gnu.org,Female,145.162.79.199
902,Edi,Soot,esootp1@google.fr,Female,167.101.33.7
903,Herb,Oates,hoatesp2@fotki.com,Male,69.137.235.254
904,Terza,Bigglestone,tbigglestonep3@skyrock.com,Female,200.222.31.134
905,Leontyne,Cholerton,lcholertonp4@intel.com,Bigender,110.120.227.100
906,Emmett,McCutheon,emccutheonp5@chronoengine.com,Male,195.224.46.124
907,Mariele,Labadini,mlabadinip6@ifeng.com,Female,69.162.163.36
908,Salomi,Minchella,sminchellap7@skyrock.com,Female,71.199.146.134
909,Christi,Geere,cgeerep8@bbb.org,Non-binary,187.248.242.131
910,Joseph,Conyer,jconyerp9@github.com,Male,103.82.136.151
911,Dunc,Doohan,ddoohanpa@technorati.com,Male,95.94.138.244
912,Grayce,Druhan,gdruhanpb@narod.ru,Female,235.66.103.98
913,Eadmund,Fleetham,efleethampc@bbc.co.uk,Male,135.72.201.108
914,Stefano,Cornils,scornilspd@paypal.com,Male,250.55.178.31
915,Beniamino,Kenafaque,bkenafaquepe@craigslist.org,Genderfluid,225.73.179.46
916,Pearle,Harnetty,pharnettypf@lycos.com,Female,71.22.4.162
917,Hagen,Lashford,hlashfordpg@bbb.org,Male,45.212.69.85
918,Keene,Duncklee,kdunckleeph@surveymonkey.com,Male,26.32.147.12
919,Rebekah,Gurney,rgurneypi@squarespace.com,Female,158.88.190.93
920,Dorotea,Durran,ddurranpj@goo.gl,Female,96.3.77.18
921,Arlene,Ouver,aouverpk@cnbc.com,Female,2.68.137.75
922,Alford,Matuszinski,amatuszinskipl@github.io,Male,83.99.248.136
923,Vinni,Fendlow,vfendlowpm@yahoo.co.jp,Female,49.23.29.167
924,Eddie,Tarney,etarneypn@mozilla.org,Genderqueer,37.10.97.128
925,Bordie,Grayham,bgrayhampo@lycos.com,Male,82.82.118.92
926,Marmaduke,Smithers,msmitherspp@macromedia.com,Male,236.161.41.159
927,Skyler,Clampton,sclamptonpq@toplist.cz,Male,26.26.254.1
928,Michaela,Dunstan,mdunstanpr@youtube.com,Female,231.23.255.222
929,Samara,Brackpool,sbrackpoolps@alibaba.com,Female,21.85.24.249
930,Tris,McAirt,tmcairtpt@un.org,Male,106.242.62.50
931,Tammie,McGillivray,tmcgillivraypu@mapy.cz,Male,125.178.213.39
932,Pierette,Forestall,pforestallpv@fda.gov,Female,82.91.57.38
933,Gloria,Antosch,gantoschpw@dion.ne.jp,Female,63.67.183.166
934,Hayward,Puttrell,hputtrellpx@storify.com,Male,52.171.10.116
935,Cassie,Graysmark,cgraysmarkpy@washington.edu,Male,132.230.186.114
936,Marc,Passingham,mpassinghampz@slate.com,Male,3.67.16.155
937,Morrie,Cherrett,mcherrettq0@mayoclinic.com,Polygender,120.123.244.148
938,Karla,Martine,kmartineq1@wikispaces.com,Female,198.32.206.136
939,Werner,Yakovitch,wyakovitchq2@sbwire.com,Male,19.124.162.175
940,Red,Juschka,rjuschkaq3@telegraph.co.uk,Male,158.215.138.86
941,Jeff,Truckett,jtruckettq4@ucoz.com,Male,68.15.4.212
942,Terri,Pash,tpashq5@arizona.edu,Male,144.179.45.80
943,Zarla,Layborn,zlaybornq6@usnews.com,Female,157.26.212.177
944,Clementine,Meldrum,cmeldrumq7@elegantthemes.com,Female,197.9.154.131
945,Joyce,Skryne,jskryneq8@sitemeter.com,Female,15.77.69.84
946,Andrew,de Werk,adewerkq9@goo.gl,Male,177.140.33.223
947,Mychal,Dimmick,mdimmickqa@furl.net,Male,195.73.22.191
948,Ewell,Arnaudot,earnaudotqb@livejournal.com,Male,126.8.33.199
949,Keely,Smail,ksmailqc@house.gov,Female,126.184.205.216
950,Melinde,Chiommienti,mchiommientiqd@barnesandnoble.com,Female,162.43.199.214
951,Dagny,Bedlington,dbedlingtonqe@tamu.edu,Male,18.36.243.190
952,Chris,Staniland,cstanilandqf@altervista.org,Male,38.199.160.15
953,Ahmed,Slorance,asloranceqg@techcrunch.com,Male,177.241.86.33
954,Jolene,Druett,jdruettqh@wordpress.org,Female,117.174.217.65
955,Amii,Trembey,atrembeyqi@xrea.com,Female,123.105.215.160
956,Wolf,Paton,wpatonqj@clickbank.net,Male,136.122.80.13
957,Sammie,Casella,scasellaqk@dagondesign.com,Male,181.202.202.91
958,Aldin,Gonzalo,agonzaloql@wired.com,Male,61.53.230.177
959,Stanly,Mervyn,smervynqm@tumblr.com,Male,99.184.16.219
960,Benjy,McGilbon,bmcgilbonqn@blogger.com,Male,65.66.22.171
961,Elayne,Jovanovic,ejovanovicqo@nyu.edu,Female,28.207.120.7
962,Bria,Izac,bizacqp@marriott.com,Female,218.122.81.129
963,Gilberta,Knoble,gknobleqq@ihg.com,Female,210.252.140.57
964,Nickie,Foli,nfoliqr@sphinn.com,Male,193.174.75.115
965,Giustina,Switzer,gswitzerqs@admin.ch,Female,23.155.109.69
966,Kane,Itzkovich,kitzkovichqt@quantcast.com,Male,213.203.185.8
967,Filippo,Otteridge,fotteridgequ@miibeian.gov.cn,Male,159.42.243.193
968,Rolph,Foulkes,rfoulkesqv@lycos.com,Male,46.81.43.69
969,Ezra,Bucknell,ebucknellqw@intel.com,Male,95.176.161.38
970,Friedrich,Wharton,fwhartonqx@google.de,Male,126.4.238.113
971,Corbet,Lewing,clewingqy@xing.com,Male,13.95.23.28
972,Nick,Wraighte,nwraighteqz@amazon.com,Male,234.146.154.14
973,Myrtice,Dripp,mdrippr0@ucsd.edu,Female,71.76.123.221
974,Jeane,Dailly,jdaillyr1@auda.org.au,Female,193.0.93.185
975,Rana,Lavrick,rlavrickr2@ebay.com,Female,244.169.80.39
976,Marina,Rumming,mrummingr3@economist.com,Female,91.17.127.207
977,Galvan,Boobyer,gboobyerr4@sun.com,Male,232.15.34.151
978,Dirk,Lord,dlordr5@drupal.org,Male,64.184.36.164
979,Eleanora,Okeshott,eokeshottr6@joomla.org,Female,77.105.87.107
980,Iosep,Yurivtsev,iyurivtsevr7@aol.com,Male,104.205.224.125
981,Gretel,Ouver,gouverr8@people.com.cn,Non-binary,73.10.209.42
982,Faun,O'Dwyer,fodwyerr9@illinois.edu,Female,85.52.73.178
983,Ardelle,Thaim,athaimra@opensource.org,Female,66.239.125.61
984,Filip,Sandle,fsandlerb@geocities.com,Male,93.143.54.159
985,Auria,Brunnen,abrunnenrc@guardian.co.uk,Female,57.117.140.157
986,Filia,Riddich,friddichrd@163.com,Female,194.21.57.43
987,Darlleen,Diviny,ddivinyre@networkadvertising.org,Female,97.80.120.81
988,Everett,Blockwell,eblockwellrf@intel.com,Male,126.251.209.93
989,Kara-lynn,Hiner,khinerrg@mapy.cz,Female,105.33.91.117
990,Junia,Poundesford,jpoundesfordrh@ifeng.com,Female,20.191.17.61
991,Ty,MacAless,tmacalessri@guardian.co.uk,Male,85.103.113.42
992,Josefina,Housbey,jhousbeyrj@biblegateway.com,Female,103.243.139.85
993,Kimmie,Petyanin,kpetyaninrk@symantec.com,Female,10.2.152.13
994,Vasilis,Oakly,voaklyrl@prnewswire.com,Genderfluid,131.111.213.82
995,Marguerite,Greenrodd,mgreenroddrm@ezinearticles.com,Female,137.64.17.209
996,Saul,Hilling,shillingrn@purevolume.com,Non-binary,215.65.255.113
997,Gregoire,Ebden,gebdenro@cbslocal.com,Male,127.88.140.3
998,Pepito,Fownes,pfownesrp@symantec.com,Male,39.125.90.201
999,Freedman,Bradshaw,fbradshawrq@google.pl,Genderfluid,182.62.169.197
1000,Joanna,Sharrem,jsharremrr@gov.uk,Female,45.188.249.122
